,count,mean,median,mode,std,min,25%,75%,IQR,max
Open,2127,14.539281137011523,14.375817562223768,10.5,4.220700753006156,5.159999847412109,11.09000015258789,17.59000015258789,6.5,24.290000915527344
High,2127,14.762064203291374,14.54378270015518,10.399999618530273,4.205821285678497,5.25,11.329999923706055,17.79133615569694,6.4613362319908845,24.31999969482422
Low,2127,14.261067818770844,14.06952953338623,10.039999961853027,4.242316315863325,4.989999771118164,10.8100004196167,17.280622414595,6.470621994978302,24.219999313354492
Close,2127,14.527482513872513,14.326416015625,10.5,4.241718477895196,5.110000133514404,11.079999923706055,17.600000381469727,6.520000457763672,24.299999237060547
Volume,2127,394202.20968500234,226800.0,0.0,596233.8244469884,0.0,111200.0,472900.0,361700.0,10108700.0
Dividends,2127,6.773483779971792e-05,0.0,0.0,0.0022574646886564624,0.0,0.0,0.0,0.0,0.087297
Stock Splits,2127,0.0,0.0,0.0,0.0,0.0,0.0,0.0,0.0,0.0
