,count,mean,median,mode,std,min,25%,75%,IQR,max
Open,6369,7.238607650595628,7.470995113254583,0.6923925280570984,5.354425274030274,0.24579162895679474,1.8182103791115984,12.506139794893016,10.687929415781419,18.09978275939119
High,6369,7.318553952538218,7.529851093891386,0.6923925280570984,5.418812291440673,0.24579162895679474,1.8389516313890786,12.663187503435148,10.82423587204607,18.225939566566275
Low,6369,7.159253202498671,7.368500004984643,0.6923925280570984,5.292332390158431,0.24579162895679474,1.8026883720147309,12.357328380987212,10.55464000897248,17.83262825012207
Close,6369,7.240765725781132,7.493673801422119,0.6923925280570984,5.354510154006591,0.24579162895679474,1.8242416381835938,12.504265785217285,10.680024147033691,18.010730743408203
Volume,6369,9727378.869053226,1606801.0,0.0,14260259.540905913,0.0,66950.0,16219600.0,16152650.0,287695249.0
Dividends,6369,0.00144238844402575,0.0,0.0,0.024949694745110867,0.0,0.0,0.0,0.0,0.96
Stock Splits,6369,0.0017977704506201915,0.0,0.0,0.08989622325817477,0.0,0.0,0.0,0.0,5.0
