,count,mean,median,mode,std,min,25%,75%,IQR,max
Open,1243,4.799227680588382,4.150000095367432,2.9600000381469727,2.600714739013644,1.1200000047683716,2.8549998998641968,6.5899999141693115,3.7350000143051147,10.470000267028809
High,1243,4.900764281962633,4.239999771118164,4.099999904632568,2.619278091149089,1.1399999856948853,2.9450000524520874,6.75,3.8049999475479126,10.569999694824219
Low,1243,4.685076431410982,4.03000020980835,4.199999809265137,2.5696196536513702,1.1100000143051147,2.7799999713897705,6.444999933242798,3.6649999618530273,10.390000343322754
Close,1243,4.775398221499289,4.139999866485596,4.199999809265137,2.5912554576419304,1.1100000143051147,2.8399999141693115,6.494999885559082,3.6549999713897705,10.470000267028809
Volume,1243,168027.11182622687,82400.0,9700.0,494351.4625889904,1900.0,34200.0,166250.0,132050.0,14524200.0
Dividends,1243,0.0,0.0,0.0,0.0,0.0,0.0,0.0,0.0,0.0
Stock Splits,1243,0.0,0.0,0.0,0.0,0.0,0.0,0.0,0.0,0.0
