,count,mean,median,mode,std,min,25%,75%,IQR,max
Open,5009,2800.04687558598,2246.6209479149966,53.0,2267.9956843744476,3.1500000953674316,1219.3374369548758,3879.1984621527695,2659.8610251978935,12250.145526924416
High,5009,2861.90724391444,2303.6097762204513,55.0,2313.1761043814467,3.240000009536743,1254.2809553694744,3960.834430673447,2706.553475303973,12427.489122577035
Low,5009,2731.252470607945,2188.3739537094243,53.0,2214.560593125221,3.069999933242798,1193.7029874898624,3781.694187593872,2587.9912001040093,11821.170232634862
Close,5009,2797.474318646414,2242.62890625,53.0,2265.662925080754,3.130000114440918,1220.6669921875,3866.548828125,2645.8818359375,12284.267578125
Volume,5009,227224.62327809943,10311.0,0.0,1457679.3341590976,0.0,5117.0,35505.0,30388.0,56983700.0
Dividends,5009,0.02280049411060092,0.0,0.0,0.9349769555714263,0.0,0.0,0.0,0.0,62.09631
Stock Splits,5009,7.98562587342783e-06,0.0,0.0,0.0002825038433695776,0.0,0.0,0.0,0.0,0.01
