,count,mean,median,mode,std,min,25%,75%,IQR,max
Open,2016,24.93771330521457,23.940000534057617,24.0,13.798602538562335,1.159999966621399,13.5,35.71249866485596,22.212498664855957,62.54999923706055
High,2016,25.456582363694906,24.389999389648438,26.5,13.973253257807034,1.159999966621399,13.952500104904175,36.272499084472656,22.31999897956848,62.869998931884766
Low,2016,24.338278762877934,23.289999961853027,26.0,13.571943994241279,1.0800000429153442,13.102499961853027,34.772499084472656,21.66999912261963,61.27000045776367
Close,2016,24.88409719219993,23.804999351501465,26.5,13.803799948979776,1.1100000143051147,13.524999856948853,35.537498474121094,22.01249861717224,62.40999984741211
Volume,2016,10280863.78968254,7546700.0,0.0,16603992.92889357,0.0,2276625.0,12863250.0,10586625.0,282174900.0
Dividends,2016,0.0,0.0,0.0,0.0,0.0,0.0,0.0,0.0,0.0
Stock Splits,2016,0.0,0.0,0.0,0.0,0.0,0.0,0.0,0.0,0.0
