,count,mean,median,mode,std,min,25%,75%,IQR,max
Open,3550,40.32018012992532,35.75620603343621,14.6664069565275,21.18814328181752,13.05455466149624,21.655333051616836,56.31404981992661,34.65871676830977,98.44780131611564
High,3550,41.002686275060725,36.584674895815795,17.71084974503536,21.526408832963874,13.453885811743717,22.023180472008356,57.14662611364601,35.12344564163765,99.15881216006744
Low,3550,39.5669944256541,34.994985352599954,15.108434705630271,20.80517878457215,12.350276052717527,21.320617907621067,55.08377521928692,33.76315731166585,94.95820018020045
Close,3550,40.28862565537574,35.844783782958984,16.336341857910156,21.17008025896074,12.706045150756836,21.607969760894775,56.07193470001221,34.46396493911743,97.76485443115234
Volume,3550,671454.0788732395,317450.0,0.0,964371.2789247826,0.0,135400.0,893025.0,757625.0,16295500.0
Dividends,3550,0.003970759154929578,0.0,0.0,0.044608917841754685,0.0,0.0,0.0,0.0,1.082697
Stock Splits,3550,0.0,0.0,0.0,0.0,0.0,0.0,0.0,0.0,0.0
