,count,mean,median,mode,std,min,25%,75%,IQR,max
Open,6369,7.565026080392391,5.337130569476448,0.3432512879371643,6.932373065226741,0.3146467820736952,2.4599685668945312,11.079444369928785,8.619475803034254,29.760000228881836
High,6369,7.666789356985939,5.408297481468219,0.3432512879371643,6.997230059710013,0.31464684009552,2.5103122909366675,11.247565123133759,8.737252832197091,30.040000915527344
Low,6369,7.458492637685142,5.261632125793606,0.5606441497802734,6.862411155998909,0.3037774905749793,2.409052621728869,10.941262510661483,8.532209888932615,29.530000686645508
Close,6369,7.561569461438435,5.336009502410889,0.5606441497802734,6.929753224172333,0.31464684009552,2.4613101482391357,11.064465522766113,8.603155374526978,29.760000228881836
Volume,6369,15860186.99984299,10910800.0,0.0,26021373.354624208,0.0,4395600.0,19387500.0,14991900.0,640888896.0
Dividends,6369,0.0027066713769822582,0.0,0.0,0.023843096514432515,0.0,0.0,0.0,0.0,0.590146
Stock Splits,6369,0.0007850525985241011,0.0,0.0,0.04517566692443778,0.0,0.0,0.0,0.0,3.0
