,count,mean,median,mode,std,min,25%,75%,IQR,max
Open,4315,10.661754944258696,10.469560081151577,5.701945781707765,4.200964979072146,4.8417517192907855,6.607656382341908,13.980796302549752,7.373139920207844,21.026875061387095
High,4315,10.800928072761494,10.607939542147536,5.701945781707765,4.24965105006655,4.954345226287842,6.708159177069667,14.196390013793444,7.488230836723777,21.4790571386878
Low,4315,10.513728352059408,10.303649500273425,5.701945781707765,4.144239226482078,4.715969032130342,6.522245025514217,13.75334541755237,7.231100392038154,20.84599012498096
Close,4315,10.658422828135043,10.437484741210938,5.701945781707764,4.196148106412252,4.742251873016357,6.628540277481079,13.950492858886719,7.32195258140564,21.202091217041016
Volume,4315,26608782.11958285,20794079.0,0.0,39401820.1413018,0.0,13159418.5,33149412.5,19989994.0,1584432124.0
Dividends,4315,0.0025561130938586323,0.0,0.0,0.027636790922574598,0.0,0.0,0.0,0.0,0.784011
Stock Splits,4315,0.002688296639629201,0.0,0.0,0.05608295679921554,0.0,0.0,0.0,0.0,1.5
