,count,mean,median,mode,std,min,25%,75%,IQR,max
Open,4422,7.460971836945369,7.625970492205163,5.800000190734863,2.6545101542073573,1.1739178257364808,5.526774699551241,9.069345501944827,3.5425708023935867,15.35332536971315
High,4422,7.5889009791054765,7.726416457431997,6.889999866485596,2.7056500176173546,1.204018649217943,5.601553349934767,9.200639096998923,3.599085747064156,15.581203120765899
Low,4422,7.30452450654774,7.469899385690804,4.809999942779541,2.60085016279475,1.1438179346338502,5.388488787941909,8.899538729684215,3.5110499417423062,15.115951077261162
Close,4422,7.448253968623578,7.602814674377441,7.795777797698975,2.6565746595515436,1.1663926839828491,5.508790016174316,9.054450988769531,3.545660972595215,15.426491737365723
Volume,4422,3430940.1393034826,1059346.0,0.0,4895859.446325616,0.0,437711.5,5590500.0,5152788.5,75071100.0
Dividends,4422,0.0006156549072817729,0.0,0.0,0.015205955337935435,0.0,0.0,0.0,0.0,0.729812
Stock Splits,4422,0.0,0.0,0.0,0.0,0.0,0.0,0.0,0.0,0.0
