,count,mean,median,mode,std,min,25%,75%,IQR,max
Open,6369,94.34444134657102,74.00232696533203,48.013126373291016,77.48158364935858,2.6500000953674316,43.52748489379883,128.3779296875,84.85044479370117,476.8337707519531
High,6369,95.63465573980616,75.96121107947532,48.013126373291016,79.01666967549882,2.700000047683716,43.86064529418945,130.34310913085938,86.48246383666992,489.08270263671875
Low,6369,92.94829720007932,71.56092834472656,48.013126373291016,75.69780290776276,2.5999999046325684,42.68098320585412,127.78734588623047,85.10636268037635,454.304443359375
Close,6369,94.24441697788792,74.11666870117188,48.013126373291016,77.25044888498505,2.6500000953674316,43.49114227294922,128.3779296875,84.88678741455078,465.678466796875
Volume,6369,794327.2102370859,25.0,0.0,1905290.8434364463,0.0,0.0,271849.0,271849.0,32305600.0
Dividends,6369,0.0015990833725859632,0.0,0.0,0.06939911752924795,0.0,0.0,0.0,0.0,3.773767
Stock Splits,6369,0.00107817553776103,0.0,0.0,0.05587278084359093,0.0,0.0,0.0,0.0,4.0
