,count,mean,median,mode,std,min,25%,75%,IQR,max
Open,6363,5.2575278989871155,4.454665184020996,1.1590520143508911,4.26218568637966,0.5894610285758972,1.1590520143508911,7.640594005584717,6.481541991233826,24.626678466796875
High,6363,5.337399623987155,4.552791118621826,1.1590520143508911,4.369032856853561,0.5894610285758972,1.1590520143508911,7.784756183624268,6.6257041692733765,28.028793334960938
Low,6363,5.176306219524732,4.285704135894775,1.1590520143508911,4.151696040629125,0.5894610285758972,1.1590520143508911,7.5016188621521,6.3425668478012085,21.87212371826172
Close,6363,5.249322207706934,4.454665184020996,1.1590520143508911,4.248444105557004,0.5894610285758972,1.1590520143508911,7.649438858032227,6.4903868436813354,22.85796546936035
Volume,6363,12158.24721043533,0.0,0.0,55368.83891379769,0.0,0.0,6039.0,6039.0,1959700.0
Dividends,6363,0.0,0.0,0.0,0.0,0.0,0.0,0.0,0.0,0.0
Stock Splits,6363,0.0004714757190004715,0.0,0.0,0.03760887072223007,0.0,0.0,0.0,0.0,3.0
