,count,mean,median,mode,std,min,25%,75%,IQR,max
Open,1356,2.7687685654184877,2.863677210521169,3.6333677768707275,0.9283620322066896,1.476275476847931,1.9344649096842796,3.2908218698722074,1.3563569601879277,6.2688061637293435
High,1356,2.8139481599871203,2.910344610564871,3.8399999141693115,0.9400478374264751,1.5059493273381246,1.961991706873115,3.3431710406705646,1.3811793337974496,6.2868543892171616
Low,1356,2.7176321913368082,2.8004716700089336,3.7899999618530273,0.910696705700392,1.4688572187936206,1.898355530279333,3.2271994830868924,1.3288439528075595,6.136449900264901
Close,1356,2.7628513625589446,2.8647886514663696,3.6333677768707275,0.9258185444884371,1.4688572883605957,1.9256694316864014,3.284806489944458,1.3591370582580566,6.196611404418945
Volume,1356,1142125.2212389382,846900.0,530500.0,1181916.890359751,144900.0,537075.0,1431325.0,894250.0,30631300.0
Dividends,1356,0.0014417772861356933,0.0,0.0,0.017668215102585986,0.0,0.0,0.0,0.0,0.3356
Stock Splits,1356,0.0,0.0,0.0,0.0,0.0,0.0,0.0,0.0,0.0
