,count,mean,median,mode,std,min,25%,75%,IQR,max
Open,1061,13.425431388213028,12.669802389363264,12.149106860092024,2.4879319714000396,9.30477607164049,11.927121251554356,13.96547412362603,2.038352872071675,23.37064751220629
High,1061,13.67533199926518,12.877012634828178,10.571868896484375,2.5799587714106362,9.434852660133124,12.108631269742915,14.16747399327634,2.0588427235334255,24.397929403370775
Low,1061,13.154625625268329,12.443946642835567,10.37756481909819,2.3955979576357147,9.157357261217937,11.698175730416592,13.70684561884487,2.008669888428278,22.25775909423828
Close,1061,13.414925949175778,12.661663055419922,12.170454025268555,2.4745145428039788,9.391493797302246,11.9231595993042,13.947110176086426,2.0239505767822266,22.77996063232422
Volume,1061,575938.9255419415,399400.0,201600.0,585846.6838223436,72900.0,252900.0,690100.0,437200.0,7012500.0
Dividends,1061,0.00216400754005655,0.0,0.0,0.034474353493656754,0.0,0.0,0.0,0.0,0.69457
Stock Splits,1061,0.0,0.0,0.0,0.0,0.0,0.0,0.0,0.0,0.0
