,count,mean,median,mode,std,min,25%,75%,IQR,max
Open,2046,18.528613214877502,19.812494947085195,3.030944347381592,10.734169948688006,2.4022018909454346,7.452315570197978,27.586142063634185,20.133826493436207,40.5
High,2046,18.83757553472302,20.232713619246503,3.030944347381592,10.875426871374602,2.4022018909454346,7.525269174862347,27.947330748960983,20.422061574098635,41.060001373291016
Low,2046,18.208813276663793,19.43915217394695,3.030944347381592,10.597400332395818,2.4022018909454346,7.267136584579801,27.24355683534566,19.97642025076586,40.13999938964844
Close,2046,18.530474990810234,19.89247417449951,3.788679838180542,10.739103889282672,2.4022018909454346,7.42763090133667,27.614765167236328,20.187134265899658,40.810001373291016
Volume,2046,8636118.963831866,7877450.0,0.0,6773307.786824205,0.0,3924300.0,11854900.0,7930600.0,86392000.0
Dividends,2046,0.001956208211143695,0.0,0.0,0.02144734976845886,0.0,0.0,0.0,0.0,0.40669
Stock Splits,2046,0.0019550342130987292,0.0,0.0,0.08843153765707637,0.0,0.0,0.0,0.0,4.0
