,count,mean,median,mode,std,min,25%,75%,IQR,max
Open,6371,5.322744170669503,3.060731240907127,3.845409870147705,6.071524107368389,0.2619653713264642,1.169706589894783,5.723243083305975,4.553536493411192,24.96956541664258
High,6371,5.390625282493744,3.11453205983911,3.845409870147705,6.137733630759362,0.2680576370931917,1.191676957555729,5.819438410225647,4.627761452669918,25.030354085709405
Low,6371,5.246181151417018,3.0041945724539896,3.845409870147705,5.998559699733791,0.25587312349236946,1.1404964887666593,5.604042003806057,4.463545515039398,24.536436554213502
Close,6371,5.320025369639562,3.063546895980835,0.7400707006454468,6.065202203693235,0.2619653642177582,1.1675506830215454,5.722926616668701,4.555375933647156,24.969566345214844
Volume,6371,269790586.2442317,3685121.0,0.0,1053040397.0423968,0.0,2224890.5,7355817.5,5130927.0,17560000000.0
Dividends,6371,0.004539292732695025,0.0,0.0,0.10106423937373694,0.0,0.0,0.0,0.0,6.04385
Stock Splits,6371,0.0011221943180034532,0.0,0.0,0.04563892676283408,0.0,0.0,0.0,0.0,2.0
