,count,mean,median,mode,std,min,25%,75%,IQR,max
Open,1120,32.622258899893076,32.779998779296875,38.0,7.850992691339195,15.739999771118164,27.707499504089355,37.80999946594238,10.102499961853027,50.349998474121094
High,1120,33.320026787689756,33.40500068664551,32.58000183105469,8.035617886500026,15.899999618530273,28.22249984741211,38.640000343322754,10.417500495910645,51.58000183105469
Low,1120,31.879321422747203,32.05500030517578,26.350000381469727,7.655597045658031,15.260000228881836,27.219999313354492,36.90250110626221,9.682501792907715,48.869998931884766
Close,1120,32.54821424739701,32.72500038146973,36.0,7.8307752874009005,15.619999885559082,27.72749948501587,37.702500343322754,9.975000858306885,51.310001373291016
Volume,1120,5017802.767857143,4128400.0,0.0,4295197.7910911925,0.0,2511025.0,6089275.0,3578250.0,43334300.0
Dividends,1120,0.0,0.0,0.0,0.0,0.0,0.0,0.0,0.0,0.0
Stock Splits,1120,0.0,0.0,0.0,0.0,0.0,0.0,0.0,0.0,0.0
