,count,mean,median,mode,std,min,25%,75%,IQR,max
Open,6371,35.10398709336335,19.04085722389822,2.015392780303955,97.76856430724698,1.6123136281967163,8.911264419555664,31.348981786716553,22.43771736716089,823.3590328683578
High,6371,35.40564723547941,19.31999969482422,2.015392780303955,97.80087987814865,1.6123136281967163,9.120999479657467,31.8185606944599,22.697561214802434,823.3590328683578
Low,6371,34.783241377055056,18.655317317695022,2.015392780303955,97.72631326490357,1.6123136281967163,8.69671048363973,30.923137836904736,22.226427353265006,776.3143920898438
Close,6371,35.09505265626517,18.9853515625,2.015392780303955,97.73935065098867,1.6123136281967163,8.911264419555664,31.389336585998535,22.47807216644287,776.3143920898438
Volume,6371,4473051.143619526,2178998.0,0.0,8264495.142469088,0.0,1890.0,5371176.5,5369286.5,225522630.0
Dividends,6371,0.0009038519855595667,0.0,0.0,0.019705591298434702,0.0,0.0,0.0,0.0,0.66382
Stock Splits,6371,0.0007848375451263538,0.0,0.0,0.045168576091561975,0.0,0.0,0.0,0.0,3.0
