,count,mean,median,mode,std,min,25%,75%,IQR,max
Open,4315,7.678180753061709,7.396036790403532,2.7526676654815674,3.21615583852184,1.586960377350508,5.405313761220064,9.547830882789626,4.142517121569561,16.833656185325665
High,4315,7.797936442879042,7.5324708709472965,2.7526676654815674,3.2489949246484238,1.6160122566267772,5.499857972331431,9.696176254021797,4.196318281690366,16.966551212516027
Low,4315,7.547315708169703,7.280718834551485,2.7526676654815674,3.1752125511704916,1.4707528602454314,5.303027825870062,9.4093205430678,4.1062927171977375,16.612153774638657
Close,4315,7.671631629055373,7.395484924316406,2.7526676654815674,3.2135560867189605,1.48891019821167,5.398687839508057,9.539402484893799,4.140714645385742,16.77037239074707
Volume,4315,1234415.2085747393,996200.0,0.0,1146103.1967268852,0.0,582050.0,1594100.0,1012050.0,29456800.0
Dividends,4315,0.003107313557358054,0.0,0.0,0.02490119087324138,0.0,0.0,0.0,0.0,0.37647
Stock Splits,4315,0.0,0.0,0.0,0.0,0.0,0.0,0.0,0.0,0.0
