,count,mean,median,mode,std,min,25%,75%,IQR,max
Open,1125,9.122781900023455,4.523529594258305,3.4200000762939453,9.522917743714208,2.515420585487719,3.4116713195709285,10.991754401694708,7.58008308212378,52.70405226093671
High,1125,9.443986909810043,4.650357791223212,4.6926336821385455,9.874823579564712,2.553469002809152,3.490000009536743,11.499066742453502,8.009066732916759,54.14848289377909
Low,1125,8.804059841540456,4.438977486629216,3.299999952316284,9.162524183585063,2.5111931263222917,3.335574655003014,10.695821666880033,7.360247011877019,50.99187935897048
Close,1125,9.083922167460123,4.523529529571533,4.523529529571533,9.466737892863641,2.5365586280822754,3.4184491634368896,11.034029960632324,7.615580797195435,52.140377044677734
Volume,1125,2751907.8844444444,2242800.0,488800.0,2062641.8383136876,39960.0,1304800.0,3700410.0,2395610.0,19086100.0
Dividends,1125,0.004447878222222222,0.0,0.0,0.10418300501907474,0.0,0.0,0.0,0.0,2.527136
Stock Splits,1125,0.0054222222222222215,0.0,0.0,0.1789076295108528,0.0,0.0,0.0,0.0,6.0
