,count,mean,median,mode,std,min,25%,75%,IQR,max
Open,5826,8.109547152416647,9.937468590725988,0.5199620127677917,4.730470223155955,0.17873695011515175,3.5451656063437764,12.13774653762717,8.592580931283393,17.86656266935945
High,5826,8.23662884990851,10.149990463098103,0.5199620127677917,4.7982134025497905,0.18231167324258665,3.607236600108915,12.327776724424185,8.72054012431527,17.929067611694336
Low,5826,7.981858283316005,9.780167907882893,0.5199620127677917,4.664051947924791,0.17223743085484947,3.458397195052158,11.9664122243194,8.508015029267241,17.589769824663062
Close,5826,8.108234827159567,9.951616287231445,0.5199620127677917,4.728352125415447,0.1754871904850006,3.5423203706741333,12.144016027450562,8.601695656776428,17.929067611694336
Volume,5826,6706910.5473738415,4858700.0,0.0,8793194.807932666,0.0,2934375.0,7856300.0,4921925.0,249133824.0
Dividends,5826,0.001458158084449022,0.0,0.0,0.023834514255787545,0.0,0.0,0.0,0.0,0.7359
Stock Splits,5826,0.0013731548232063166,0.0,0.0,0.07410584561214369,0.0,0.0,0.0,0.0,4.0
