,count,mean,median,mode,std,min,25%,75%,IQR,max
Open,4312,9.630050302973276,8.88837480545044,12.761249542236328,5.374218645078931,2.700000047683716,5.857500076293945,11.104031085968018,5.246531009674072,31.309999465942383
High,4312,9.724374524840261,9.0,12.761249542236328,5.4189478802415785,2.75,5.989999771118164,11.223748207092285,5.233748435974121,32.0
Low,4312,9.567166286880886,8.84168815612793,12.761249542236328,5.330700698777954,2.700000047683716,5.789999961853027,11.09000015258789,5.300000190734863,31.309999465942383
Close,4312,9.650271751995653,8.989999771118164,12.761249542236328,5.374595234320233,2.75,5.897500038146973,11.220000267028809,5.322500228881836,31.420000076293945
Volume,4312,3278.323515769944,0.0,0.0,33556.04801468901,0.0,0.0,1100.0,1100.0,2016900.0
Dividends,4312,0.0003610635435992579,0.0,0.0,0.010936434617507979,0.0,0.0,0.0,0.0,0.42
Stock Splits,4312,0.0006497820037105751,0.0,0.0,0.042668468509152194,0.0,0.0,0.0,0.0,2.80186
