,count,mean,median,mode,std,min,25%,75%,IQR,max
Open,6369,14.491766057420373,12.05698299407959,3.5860860347747803,9.974930353547226,3.0970749855041504,5.216124534606934,20.925085067749023,15.70896053314209,41.47431658426649
High,6369,14.558836222724295,12.062289237976074,3.5860860347747803,10.035727492690809,3.0970749855041504,5.216124534606934,20.925085067749023,15.70896053314209,43.63393859863281
Low,6369,14.449344605695257,12.05698299407959,3.5860860347747803,9.92620490754338,3.0970742448039568,5.216124534606934,20.925085067749023,15.70896053314209,39.836708068847656
Close,6369,14.533490476138102,12.058180809020996,3.5860860347747803,9.972473840117933,3.0970749855041504,5.216124534606934,20.925085067749023,15.70896053314209,40.647403717041016
Volume,6369,523.4168629298163,0.0,0.0,3283.719471508045,0.0,0.0,112.0,112.0,132900.0
Dividends,6369,0.005965763699167843,0.0,0.0,0.08743723888199323,0.0,0.0,0.0,0.0,2.581514
Stock Splits,6369,1.5701051970482022e-06,0.0,0.0,0.0001253038386103236,0.0,0.0,0.0,0.0,0.01
