,count,mean,median,mode,std,min,25%,75%,IQR,max
Open,6369,780.8823270444825,3.4807755091378136,1.6569836139678955,1527.547830890298,0.9085301988209369,1.9788152338891878,1563.4738955081211,1561.495080274232,7580.476470662534
High,6369,794.6863119636255,3.5292162287582802,1908.656005859375,1553.3978627386148,0.9299077391624451,2.0081907259024527,1590.5462029753876,1588.538012249485,7716.52001953125
Low,6369,766.2020463178118,3.414052479072916,1.6113780736923218,1500.3963697558431,0.876464713481278,1.9454627114087142,1529.632036747545,1527.6865740361363,7414.654198348541
Close,6369,783.7393358711415,3.4802753925323486,1861.27734375,1543.3763594534537,0.9170809984207153,1.9759511947631836,1563.4732666015625,1561.4973154067993,17597.537109375
Volume,6369,9153436.615952268,6973402.0,0.0,9537875.365588192,0.0,1977133.0,13116991.0,11139858.0,174601815.0
Dividends,6369,0.0016704061862144763,0.0,0.0,0.024511489623485077,0.0,0.0,0.0,0.0,0.669157
Stock Splits,6369,0.0014985555032187156,0.0,0.0,0.042401386834646754,0.0,0.0,0.0,0.0,1.3076499999999998
