,count,mean,median,mode,std,min,25%,75%,IQR,max
Open,1056,4.499666669623685,4.520180089947938,2.413894037486636,1.121344426436025,2.244991669248491,3.7149731171702856,5.418180214903009,1.7032070977327232,7.294855318724899
High,1056,4.573666031521393,4.605223498901543,3.7159834596404355,1.1359724028070193,2.308330023809597,3.764072678305901,5.528172023883151,1.7640993455772502,7.3680791157770535
Low,1056,4.421559589415241,4.440969586594077,3.715983559454925,1.1038489864377794,2.2238789154429592,3.65477883680877,5.314614629831369,1.6598357930225989,7.13925678841061
Close,1056,4.493295363178759,4.510252237319946,3.6023178100585938,1.1229445835111942,2.273142099380493,3.707380712032318,5.4376630783081055,1.7302823662757874,7.313161373138428
Volume,1056,8740722.159090908,7750400.0,6475700.0,5889750.40203702,1764200.0,5876075.0,10272475.0,4396400.0,142911300.0
Dividends,1056,0.0025199223484848486,0.0,0.0,0.027707497476171836,0.0,0.0,0.0,0.0,0.459438
Stock Splits,1056,0.0,0.0,0.0,0.0,0.0,0.0,0.0,0.0,0.0
