,count,mean,median,mode,std,min,25%,75%,IQR,max
Open,6371,22.174022365322553,22.52863121032715,4.074026107788086,15.495422689188961,1.5390764582693197,7.876449783649912,35.2895500381947,27.413100254544787,55.085791778060106
High,6371,22.44481224642836,22.85670454895537,4.390894412994385,15.687353356089714,1.9917461010440278,8.057516812783941,35.66447557721819,27.60695876443425,56.72192030924918
Low,6371,21.88200549223502,22.253774642944336,4.390894412994385,15.288511347580581,1.9464790395609435,7.684065227284795,34.858476870222304,27.17441164293751,54.107400140945835
Close,6371,22.18201366003782,22.52863121032715,4.390894412994385,15.50518581602345,1.9826927185058594,7.942086696624756,35.279293060302734,27.33720636367798,55.49687957763672
Volume,6371,39031.07895149898,17400.0,0.0,107408.8625104346,0.0,6000.0,42700.0,36700.0,3845250.0
Dividends,6371,0.004871688274996076,0.0,0.0,0.10663831652288491,0.0,0.0,0.0,0.0,4.27259
Stock Splits,6371,0.00026691257259456915,0.0,0.0,0.021298308705526434,0.0,0.0,0.0,0.0,1.7
