,count,mean,median,mode,std,min,25%,75%,IQR,max
Open,6371,12.472908488767947,11.250611412002065,0.2109939008951187,10.414909495935797,0.11052075773477554,5.519005894908382,18.514804997349444,12.995799102441062,40.0
High,6371,12.61821601855711,11.42467542078176,0.2109939008951187,10.524416920699798,0.12458664923906326,5.577280431328905,18.55878257751465,12.981502146185743,40.880001068115234
Low,6371,12.315680137508538,11.112425486704872,0.2109939008951187,10.293587387808826,0.11052075773477554,5.442646252992551,18.444512498830534,13.001866245837983,39.959999084472656
Close,6371,12.47099962938367,11.268111228942871,0.2109939008951187,10.413753841963642,0.11052075773477554,5.498910427093506,18.525174140930176,13.02626371383667,40.84000015258789
Volume,6371,1338188.757024015,888700.0,0.0,2800311.0030079153,0.0,8251.0,1586944.0,1578693.0,82019459.0
Dividends,6371,0.0033024909747292426,0.0,0.0,0.06766342436162483,0.0,0.0,0.0,0.0,3.242281
Stock Splits,6371,0.0006367950086328676,0.0,0.0,0.030978566039415747,0.0,0.0,0.0,0.0,2.0
