,count,mean,median,mode,std,min,25%,75%,IQR,max
Open,4846,8.580124957385939,6.772116733966556,7.78000020980835,5.511079381033384,1.2780777973565958,4.328501259705961,12.395261014853055,8.066759755147094,24.631484967690927
High,4846,8.72156319962292,6.87762767763604,3.9482946395874023,5.593344355830426,1.3160982644656418,4.423534952529811,12.613421097838721,8.189886145308911,24.7580354241183
Low,4846,8.42999550974627,6.6657790591030945,3.8454015254974365,5.423917117192386,1.1698647752647653,4.230005194640964,12.21318710557625,7.9831819109352855,24.05298643157812
Close,4846,8.575433344300798,6.78043007850647,3.9482946395874023,5.504561134856371,1.2488312721252441,4.334710478782654,12.400729179382324,8.06601870059967,24.586294174194336
Volume,4846,13687086.393726785,5557184.0,0.0,79617992.34016317,0.0,3879393.25,8195900.0,4316506.75,3709702965.0
Dividends,4846,0.0009607313248039621,0.0,0.0,0.016590900837651502,0.0,0.0,0.0,0.0,0.451477
Stock Splits,4846,0.002269913330581923,0.0,0.0,0.09196292041548265,0.0,0.0,0.0,0.0,4.0
