,count,mean,median,mode,std,min,25%,75%,IQR,max
Open,6369,7.489295156172036,6.105194041973086,16.53060531616211,5.657941626787148,0.5840592048505682,3.386853031893898,10.667606642551084,7.280753610657186,35.789131300270185
High,6369,7.62873303153476,6.199324293475424,16.53060531616211,5.752366831218515,0.5996111668468095,3.4601653365223344,10.854078317677356,7.3939129811550215,36.947601331564506
Low,6369,7.338878396779849,5.941381456802478,16.53060531616211,5.548291966287568,0.5806034081620335,3.3266696407714753,10.481132415220447,7.154462774448971,34.781471252441406
Close,6369,7.4759872759374915,6.083203315734863,16.53060531616211,5.645183051642631,0.582331120967865,3.376913070678711,10.642605781555176,7.265692710876465,35.487518310546875
Volume,6369,12054256.294394724,7466400.0,0.0,30031187.7884076,0.0,4653400.0,11899800.0,7246400.0,643143840.0
Dividends,6369,0.0023251778929188256,0.0,0.0,0.041736409143579775,0.0,0.0,0.0,0.0,1.26801
Stock Splits,6369,0.0007856806406029203,0.0,0.0,0.04517568381318731,0.0,0.0,0.0,0.0,3.0
