,count,mean,median,mode,std,min,25%,75%,IQR,max
Open,6371,9.023007496928768,8.74004283411286,0.4329245984554291,6.549596189669106,0.28140097856521606,4.28595283481803,12.987641051612568,8.701688216794539,26.403020089669965
High,6371,9.193730531134582,8.86059439363768,0.4329245984554291,6.667971445367853,0.28140097856521606,4.419437836314312,13.279357012956122,8.85991917664181,26.829999923706055
Low,6371,8.844474687874635,8.607637173307534,0.4329245984554291,6.422826201696062,0.28140097856521606,4.184215487064749,12.699119970302096,8.514904483237347,26.1299991607666
Close,6371,9.018922508604915,8.722577095031738,0.4329245984554291,6.548879945365464,0.28140097856521606,4.267914056777954,12.987640857696533,8.719726800918579,26.75
Volume,6371,3866596.39538534,2533100.0,0.0,9519662.06889614,0.0,725500.0,4573450.0,3847950.0,341863392.0
Dividends,6371,0.0017229089624862658,0.0,0.0,0.03732768632103398,0.0,0.0,0.0,0.0,1.560452
Stock Splits,6371,0.0003139224611520954,0.0,0.0,0.025056833844366508,0.0,0.0,0.0,0.0,2.0
