,count,mean,median,mode,std,min,25%,75%,IQR,max
Open,5096,19.230978091940393,12.38374996173826,24.90410804748535,20.685046673562187,1.6299999952316284,9.27006896554143,22.079601764678955,12.809532799137525,197.20299987792967
High,5096,19.502714287490363,12.61939269798654,24.90410804748535,21.215381921347884,1.7000000476837158,9.399235379483668,22.300102710723877,12.900867331240208,239.8147070803235
Low,5096,18.929079655472915,12.120553239720449,24.90410804748535,20.21728424081318,1.600000023841858,9.122112866259574,21.544307231903076,12.422194365643502,171.43777465820312
Close,5096,19.205014946790094,12.375755786895752,24.90410804748535,20.65883955451642,1.6299999952316284,9.25690245628357,22.037500381469727,12.780597925186157,197.2030029296875
Volume,5096,1063304.3127943485,334987.5,0.0,4614162.389805789,0.0,2100.0,990821.25,988721.25,163580681.0
Dividends,5096,0.0005106177394034537,0.0,0.0,0.01320490314932277,0.0,0.0,0.0,0.0,0.563433
Stock Splits,5096,0.0007849293563579278,0.0,0.0,0.056033181468052584,0.0,0.0,0.0,0.0,4.0
