,count,mean,median,mode,std,min,25%,75%,IQR,max
Open,3844,8.368971819186818,5.71260011516089,4.702549934387207,6.742181891531109,1.7429591588998001,4.192797573141747,9.951509274055796,5.758711700914049,38.20000076293945
High,3844,8.505316248512782,5.77437686953379,4.702549934387207,6.849326240158551,1.7825723772992332,4.243752819782564,10.114841583080297,5.871088763297733,38.77000045776367
Low,3844,8.20764099168752,5.6071288133929675,4.702549934387207,6.634422871168668,1.7033467401742952,4.0891102880544805,9.69997456737306,5.610864279318579,37.720001220703125
Close,3844,8.366535965225326,5.697955131530762,3.479461193084717,6.75593057572863,1.748618483543396,4.164759635925293,9.92740249633789,5.762642860412598,38.68000030517578
Volume,3844,997260.6501040583,730159.0,0.0,975431.8964430687,0.0,327373.75,1410850.0,1083476.25,12030081.0
Dividends,3844,0.0026919682622268473,0.0,0.0,0.04521147052855263,0.0,0.0,0.0,0.0,1.6
Stock Splits,3844,0.0,0.0,0.0,0.0,0.0,0.0,0.0,0.0,0.0
