,count,mean,median,mode,std,min,25%,75%,IQR,max
Open,5807,15.953864612112607,13.328738441545848,2.0552186965942383,12.344495546834708,0.8602556623143713,5.616665695192005,29.49503806885737,23.878372373665364,44.70212167968463
High,5807,16.144240162160603,13.536838057458247,2.2607405185699463,12.45273023919415,0.8778713752409186,5.709540863180226,29.814353477560125,24.1048126143799,44.867076084045785
Low,5807,15.766479983377234,13.159088675131528,2.0552186965942383,12.234568901013407,0.8367674402496922,5.511610900223513,29.11291047891108,23.601299578687566,44.391623190640765
Close,5807,15.948857357123437,13.33665943145752,2.0552186965942383,12.339900931434993,0.8514475226402283,5.630834102630615,29.478459358215332,23.847625255584717,44.64390182495117
Volume,5807,1024393.8930600999,862900.0,0.0,1385287.052661116,0.0,435875.0,1336262.5,900387.5,47067695.0
Dividends,5807,0.0055336392285173066,0.0,0.0,0.06807098982652596,0.0,0.0,0.0,0.0,1.783441
Stock Splits,5807,0.00021542965386602374,0.0,0.0,0.016403411472635226,0.0,0.0,0.0,0.0,1.25
