,count,mean,median,mode,std,min,25%,75%,IQR,max
Open,4315,19.17159552526803,13.825277249940493,11.05214786529541,12.213584042444259,3.8347882019822164,10.286668148043574,28.902399397209237,18.615731249165663,48.16999816894531
High,4315,19.47647444563655,13.999604225158691,11.05214786529541,12.362852636305098,3.8737200596170474,10.527218722862465,29.416926583614288,18.889707860751823,49.12831990447202
Low,4315,18.85370220510669,13.602522488607274,11.05214786529541,12.05569416530154,3.7439473124985634,10.106209754943848,28.348027199879034,18.241817444935187,47.54999923706055
Close,4315,19.163010968808365,13.801064491271973,11.05214786529541,12.212289425475321,3.8218109607696533,10.253654479980469,28.92678737640381,18.67313289642334,48.22999954223633
Volume,4315,1820883.7552723058,1453500.0,0.0,1640297.4244848948,0.0,870150.0,2296800.0,1426650.0,23399100.0
Dividends,4315,0.0057364085747392815,0.0,0.0,0.09694569013422409,0.0,0.0,0.0,0.0,1.823064
Stock Splits,4315,0.0,0.0,0.0,0.0,0.0,0.0,0.0,0.0,0.0
