,count,mean,median,mode,std,min,25%,75%,IQR,max
Open,6369,16.29586323015777,12.764738804011406,9.59029589737877,11.13975110436016,2.762371778488159,8.644157794567633,19.90442983426053,11.260272039692897,48.17622622267566
High,6369,16.577747760509492,12.992440533847535,8.706274032592773,11.293016455773063,2.825010747452769,8.840215770503681,20.421587707897306,11.581371937393625,49.29376768035678
Low,6369,15.99042052220791,12.488816184935496,9.643872261047363,10.971357431892287,2.6934693907050447,8.489287687962612,19.447479248046875,10.958191560084263,47.76302103526061
Close,6369,16.28274441263256,12.75134563446045,9.643872261047363,11.130809386662603,2.762371778488159,8.625907897949219,19.85409927368164,11.228191375732422,48.429786682128906
Volume,6369,2742076.9822578114,1321501.0,0.0,4453229.996000906,0.0,1644.0,3681598.0,3679954.0,116486600.0
Dividends,6369,0.0023079640445909876,0.0,0.0,0.06017489188471482,0.0,0.0,0.0,0.0,3.252271
Stock Splits,6369,3.1402103940964045e-07,0.0,0.0,2.5060767722064717e-05,0.0,0.0,0.0,0.0,0.002
