,count,mean,median,mode,std,min,25%,75%,IQR,max
Open,1125,3.522542226897346,1.6399999856948853,1.2400000095367432,4.037340138400546,0.7099999785423279,1.25,3.049999952316284,1.7999999523162842,21.190000534057617
High,1125,3.6375555567741396,1.690000057220459,1.190000057220459,4.167755775834643,0.75,1.2899999618530273,3.1500000953674316,1.8600001335144043,21.739999771118164
Low,1125,3.4024266702334085,1.5800000429153442,1.2300000190734863,3.8868030423584523,0.699999988079071,1.2100000381469727,2.9600000381469727,1.75,19.40999984741211
Close,1125,3.5067377778159248,1.6299999952316284,1.2300000190734863,4.020430068601499,0.7099999785423279,1.2400000095367432,3.049999952316284,1.809999942779541,20.899999618530273
Volume,1125,1593586.2222222222,1235900.0,149900.0,1336637.019128346,0.0,664200.0,2149100.0,1484900.0,16280100.0
Dividends,1125,0.0,0.0,0.0,0.0,0.0,0.0,0.0,0.0,0.0
Stock Splits,1125,0.0,0.0,0.0,0.0,0.0,0.0,0.0,0.0,0.0
