,count,mean,median,mode,std,min,25%,75%,IQR,max
Open,4497,5.187201095220968,4.849918357248511,5.699999809265137,2.124167338887355,1.1621971993089764,3.7379824480501926,6.139999866485596,2.402017418435403,14.396123962237366
High,4497,5.285045101994779,4.936371803283691,5.860000133514404,2.163672002042991,1.1798955630781875,3.8098701414169787,6.233332868988242,2.4234627275712635,14.531297788987873
Low,4497,5.072062013927281,4.754301563865101,6.019999980926514,2.073175032580109,1.1444988354086423,3.6540790441242836,6.0139623398364375,2.359883295712154,13.862932227009132
Close,4497,5.180550505061507,4.849918365478516,2.9958863258361816,2.1203818699207644,1.1503982543945312,3.7255637645721436,6.133718967437744,2.4081552028656006,14.42616081237793
Volume,4497,1322421.9386257506,1067700.0,0.0,1184335.6260579745,0.0,532000.0,1806900.0,1274900.0,22295000.0
Dividends,4497,0.0008528174338447854,0.0,0.0,0.015672335145960028,0.0,0.0,0.0,0.0,0.564208
Stock Splits,4497,0.0,0.0,0.0,0.0,0.0,0.0,0.0,0.0,0.0
