,count,mean,median,mode,std,min,25%,75%,IQR,max
Open,4441,12.670009952514159,11.418138529504235,9.639087677001953,8.955819769211042,0.6794615724673271,6.531622025956982,15.36289246821855,8.83127044226157,51.924576861011865
High,4441,12.901864979323449,11.591852617499729,1.7840611934661863,9.140106058798743,0.7022366798456748,6.649911978421688,15.680000305175781,9.030088326754093,52.04413951166177
Low,4441,12.42497988043945,11.236160278320312,0.7022366761401375,8.756634480787818,0.6339107779221187,6.418474936662044,15.084441561391099,8.665966624729055,50.53252142919822
Close,4441,12.65727942128408,11.41813850402832,0.7401953935623169,8.947608681504562,0.6490944027900696,6.525506496429443,15.364110946655273,8.83860445022583,51.37801742553711
Volume,4441,1127838.7304661113,689457.0,0.0,1146467.5331568539,0.0,397617.0,1582017.0,1184400.0,15086824.0
Dividends,4441,0.0023192693087142535,0.0,0.0,0.045752680373221985,0.0,0.0,0.0,0.0,2.202774
Stock Splits,4441,0.0007505329880657509,0.0,0.0,0.028930800353522274,0.0,0.0,0.0,0.0,1.212108
