,count,mean,median,mode,std,min,25%,75%,IQR,max
Open,6369,2.65092373036269,1.2458712567796792,0.08004697412252426,3.334773496788646,0.05520480498671532,0.46924057602882385,3.527049283492365,3.057808707463541,13.646424527067495
High,6369,2.6959060526435144,1.2676336765289307,0.08004697412252426,3.3971053255501573,0.05520480498671532,0.47338092352313266,3.5809564364380773,3.1075755129149445,13.725866977693933
Low,6369,2.6051683087723947,1.2255217297152246,0.08004697412252426,3.2756566202242747,0.05520480498671532,0.4595801532268524,3.4609382556435793,3.001358102416727,13.021919250488281
Close,6369,2.6489155300337077,1.244680404663086,0.08004697412252426,3.332885205520247,0.05520480498671532,0.46922680735588074,3.5172791481018066,3.048052340745926,13.529467582702637
Volume,6369,731598.8707803423,442800.0,0.0,1430376.2605146875,0.0,171200.0,845600.0,674400.0,51801568.0
Dividends,6369,0.0006408049929345265,0.0,0.0,0.009520657210745962,0.0,0.0,0.0,0.0,0.363972
Stock Splits,6369,0.0018856963416548909,0.0,0.0,0.11206816392170782,0.0,0.0,0.0,0.0,8.0
