,count,mean,median,mode,std,min,25%,75%,IQR,max
Open,3827,11.636933863986629,12.517369918132419,6.121642589569093,5.693543991679359,3.9833626747131348,5.794738431729081,15.874932812091767,10.080194380362688,24.806905396689956
High,3827,11.804238686388013,12.720807820089464,6.121642589569093,5.77139893613461,3.9833626747131348,5.865138139876883,16.10659500972664,10.241456869849756,25.24380155484495
Low,3827,11.45710953381541,12.319334792678152,6.121642589569093,5.600698612410238,3.968498380757736,5.674059153479235,15.613695744056663,9.939636590577429,24.23671682279416
Close,3827,11.626520881772446,12.492658615112305,6.093162536621094,5.685966042932509,3.9833626747131348,5.774577856063843,15.834814071655273,10.06023621559143,24.80690574645996
Volume,3827,1599486.1363992684,1274672.0,0.0,1726554.8172999811,0.0,453346.0,2239795.5,1786449.5,54912702.0
Dividends,3827,0.002313794355892344,0.0,0.0,0.031730435599051934,0.0,0.0,0.0,0.0,0.994107
Stock Splits,3827,0.0007969689051476351,0.0,0.0,0.03651031277678796,0.0,0.0,0.0,0.0,2.0
