,count,mean,median,mode,std,min,25%,75%,IQR,max
Open,4453,5.922644594353336,3.6764023618557315,1.968832015991211,5.427176423247378,1.4484359025955202,2.214656352996826,8.56669497512878,6.352038622131953,29.600000381469727
High,4453,5.982886153600313,3.724939273843203,1.968832015991211,5.491296166787826,1.4484359025955202,2.2227957591080894,8.59543228149414,6.372636522386051,29.940000534057617
Low,4453,5.8486402633983925,3.639030806759385,1.968832015991211,5.35157697810413,1.4484359025955202,2.214656352996826,8.435476303100586,6.22081995010376,29.489999771118164
Close,4453,5.920047724378154,3.681149482727051,1.968832015991211,5.427646411951734,1.44843590259552,2.214656352996826,8.547948837280273,6.333292484283447,29.549999237060547
Volume,4453,110436.8966988547,23369.0,0.0,216059.58090910644,0.0,0.0,146982.0,146982.0,3816425.0
Dividends,4453,0.0008468145070738828,0.0,0.0,0.010689160813142183,0.0,0.0,0.0,0.0,0.272669
Stock Splits,4453,0.0006175611947002021,0.0,0.0,0.029257054296807885,0.0,0.0,0.0,0.0,1.5
