,count,mean,median,mode,std,min,25%,75%,IQR,max
Open,6371,128.4561901281713,8.782249122600804,12.739624977111815,321.7248867118184,1.1103792529940972,6.362604788164968,16.895988323093317,10.533383534928348,1472.5534670778989
High,6371,130.506296508564,8.92191142989663,12.739624977111815,326.8109419740675,1.1221916322073395,6.462849961666466,17.100518265999124,10.637668304332658,1441.05493656992
Low,6371,126.13155287092832,8.639492130475778,12.739624977111815,316.05148890807044,1.0631290312447434,6.226813584049468,16.645102550866177,10.418288966816709,1401.75537109375
Close,6371,128.2893824356352,8.77281665802002,12.739624977111816,321.412273584358,1.103291630744934,6.33729887008667,16.857316970825195,10.520018100738525,1401.75537109375
Volume,6371,9869007.75247214,7360000.0,0.0,13384482.909271354,0.0,3145703.0,12930545.0,9784842.0,363036522.0
Dividends,6371,0.002064085543870664,0.0,0.0,0.032590984164211675,0.0,0.0,0.0,0.0,1.706349
Stock Splits,6371,0.017352064040182073,0.0,0.0,1.25386775116554,0.0,0.0,0.0,0.0,100.0
