,count,mean,median,mode,std,min,25%,75%,IQR,max
Open,1143,6.754936148579459,6.958915759943168,7.46999979019165,1.1302771580987565,3.222635690746326,6.0609206331406185,7.659999847412109,1.599079214271491,9.165293940477019
High,1143,6.869392702810155,7.07600089352901,7.253394422899215,1.1337139151937414,3.3408977529520176,6.179182255161642,7.765862558775975,1.586680303614333,9.313120883121494
Low,1143,6.629085196011779,6.839960064951706,7.579999923706055,1.1215808018435303,3.1635048166876354,5.9328034212136345,7.5293381356860865,1.596534714472452,8.721812788743478
Close,1143,6.750372748779604,6.958915710449219,7.687021255493164,1.128323280728604,3.2324907779693604,6.060920238494873,7.667311191558838,1.6063909530639648,8.86963939666748
Volume,1143,5391249.003499563,4491300.0,1860900.0,4063721.6627306836,1044600.0,3235900.0,6320200.0,3084300.0,81145800.0
Dividends,1143,9.072090988626422e-05,0.0,0.0,0.0021953486101560405,0.0,0.0,0.0,0.0,0.060127
Stock Splits,1143,0.0,0.0,0.0,0.0,0.0,0.0,0.0,0.0,0.0
