,count,mean,median,mode,std,min,25%,75%,IQR,max
Open,6369,9.208190490963394,7.869179195520246,0.39778053760528564,17.07757689987234,0.26166465878486633,3.1004790317348796,10.528603292182616,7.428124260447737,167.9599920048428
High,6369,9.344163856063396,8.023302004110118,0.32310330867767334,17.25751365450704,0.26166465878486633,3.1619028240579374,10.678638994775815,7.516736170717877,167.95999588504915
Low,6369,9.048452677313588,7.700145174693221,144.97604370117188,16.837753418959064,0.2608271581574792,3.0300897500994948,10.360672432663561,7.330582682564066,164.4239959716797
Close,6369,9.196342968387643,7.854303359985352,0.4027087688446045,17.02723936837131,0.26166465878486633,3.097601890563965,10.50438117980957,7.4067792892456055,166.17431640625
Volume,6369,5572339.2507458,1296800.0,0.0,7956976.350734649,0.0,612800.0,8771800.0,8159000.0,71996960.0
Dividends,6369,0.00252757465850212,0.0,0.0,0.031942352056767195,0.0,0.0,0.0,0.0,1.55
Stock Splits,6369,0.016753179463024022,0.0,0.0,1.2537382807058426,0.0,0.0,0.0,0.0,100.0
