,count,mean,median,mode,std,min,25%,75%,IQR,max
Open,5203,19.579377023211062,14.1899995803833,1.090000033378601,15.91620815484945,0.8899999856948853,8.835000038146973,25.044618929396812,16.20961889124984,78.75564920708663
High,5203,19.981903530720366,14.579999923706055,1.100000023841858,16.170490870256522,0.9700000286102295,9.095000267028809,25.480883331316562,16.385883064287754,78.75564920708663
Low,5203,19.136721942349507,13.8100004196167,1.0700000524520874,15.616197446483893,0.7099999785423279,8.550000190734863,24.56919650471954,16.019196313984676,75.45600198364251
Close,5203,19.53367681122275,14.1899995803833,1.0800000429153442,15.88308837930414,0.8899999856948853,8.824999809265137,25.01400375366211,16.189003944396973,77.17121887207031
Volume,5203,4058650.0246011917,1949300.0,0.0,6254821.248924072,0.0,913300.0,5323050.0,4409750.0,243461808.0
Dividends,5203,0.0006488491255045166,0.0,0.0,0.01522598259983384,0.0,0.0,0.0,0.0,0.701581
Stock Splits,5203,0.0,0.0,0.0,0.0,0.0,0.0,0.0,0.0,0.0
