,count,mean,median,mode,std,min,25%,75%,IQR,max
Open,6369,6.983508151781328,7.163639351413036,0.43113547563552856,5.0069144991869505,0.34490838646888733,2.5462864054025593,9.385383605957031,6.8390972005544715,27.306226322995858
High,6369,7.100349419582089,7.286187475635892,0.43113547563552856,5.092442690751272,0.34490838646888733,2.5868129319385806,9.549236096625744,6.962423164687164,27.893939259133244
Low,6369,6.848321145942399,7.04733427707437,0.43113547563552856,4.903086770265338,0.34490838646888733,2.5109329223632812,9.207590113800022,6.69665719143674,26.790839112437553
Close,6369,6.97975712928036,7.155987739562988,0.43113547563552856,5.005765771680906,0.34490838646888733,2.5609447956085205,9.374815940856934,6.813871145248413,27.532270431518555
Volume,6369,805414.622075679,196000.0,0.0,3742317.892057909,0.0,35200.0,705600.0,670400.0,112140208.0
Dividends,6369,0.0006739227508243052,0.0,0.0,0.01257014329636719,0.0,0.0,0.0,0.0,0.4771
Stock Splits,6369,0.0012560841576385617,0.0,0.0,0.10024307088825887,0.0,0.0,0.0,0.0,8.0
