,count,mean,median,mode,std,min,25%,75%,IQR,max
Open,1753,7.858786537844316,6.300000190734863,3.9100000858306885,4.2537142383599615,2.0,4.340000152587891,11.616141910382636,7.276141757794745,18.34091060667104
High,1753,8.022825769835075,6.4434036952887075,4.519999980926514,4.320947530331323,2.0899999141693115,4.449999809265137,11.953705165630307,7.50370535636517,18.430673925314792
Low,1753,7.688659808539583,6.130000114440918,2.2300000190734863,4.182063128518117,1.9299999475479126,4.239999771118164,11.424926849400768,7.184927078282604,17.662729102203944
Close,1753,7.854467641674853,6.340000152587891,3.8499999046325684,4.255171028500883,1.940000057220459,4.329999923706055,11.6899995803833,7.359999656677246,18.15142250061035
Volume,1753,40375053.16600114,22340100.0,3652000.0,49424493.12465209,0.0,8964000.0,57331500.0,48367500.0,703389500.0
Dividends,1753,0.00012687564175698803,0.0,0.0,0.0018402139869132675,0.0,0.0,0.0,0.0,0.036864
Stock Splits,1753,0.002852253280091272,0.0,0.0,0.11942054429810796,0.0,0.0,0.0,0.0,5.0
