,count,mean,median,mode,std,min,25%,75%,IQR,max
Open,1066,22.558725510038162,22.665877637149837,12.300000190734863,4.762700363993957,11.5,19.80281574448141,26.078568075815923,6.2757523313345125,33.38801619506353
High,1066,22.950751808894154,22.98545954545846,14.109999656677246,4.851568042312485,11.760000228881836,20.209635824993523,26.551316057347332,6.341680232353809,34.06637399372464
Low,1066,22.101037681952466,22.21698339204825,12.180000305175781,4.677647310950208,11.260000228881836,19.54113066815688,25.431423081189383,5.890292413032501,32.60744936280595
Close,1066,22.54272782556559,22.626044273376465,20.88776206970215,4.775854079010224,11.420000076293945,19.860587120056152,26.043620109558105,6.183032989501953,33.936279296875
Volume,1066,1456806.4727954972,1195000.0,1371800.0,1067939.8427015564,247000.0,814975.0,1723975.0,909000.0,13501700.0
Dividends,1066,0.0018981988742964354,0.0,0.0,0.018017996552894835,0.0,0.0,0.0,0.0,0.274569
Stock Splits,1066,0.0,0.0,0.0,0.0,0.0,0.0,0.0,0.0,0.0
