,count,mean,median,mode,std,min,25%,75%,IQR,max
Open,6369,4.309147302210565,3.9115760957910837,0.5877948999404907,2.6963045346501504,0.45362436713235404,2.314296738678269,6.707805162064915,4.3935084233866455,11.119999885559082
High,6369,4.360343472552879,3.9598619747744834,0.5814062356948853,2.7218219096187126,0.4568186411010915,2.3687124920588953,6.771813396716062,4.403100904657166,11.229999542236328
Low,6369,4.253602922485119,3.8599494958468874,0.5846003890037537,2.669372334496834,0.43126271067610716,2.2566794429507424,6.614228925546119,4.357549482595376,11.039999961853027
Close,6369,4.308834606291155,3.908491611480713,0.5877948999404907,2.6962202137247453,0.4440407156944275,2.3260631561279297,6.696821212768555,4.370758056640625,11.220000267028809
Volume,6369,21332816.151358142,18376101.0,0.0,16491107.248810312,0.0,10232021.0,27819017.0,17586996.0,183974869.0
Dividends,6369,0.0003395583294080703,0.0,0.0,0.009975443768533512,0.0,0.0,0.0,0.0,0.60149
Stock Splits,6369,0.0018762757104726015,0.0,0.0,0.045121761749334105,0.0,0.0,0.0,0.0,1.1
