,count,mean,median,mode,std,min,25%,75%,IQR,max
Open,6116,13.113709278962387,11.27190640193037,1.8541487455368042,8.127021563818541,1.232495797457268,7.189410192850918,19.841256588334613,12.651846395483695,37.68000030517578
High,6116,13.278341188166292,11.385717178679792,2.054160205098144,8.210076252547305,1.2649303136293661,7.297403675908396,20.0635240441804,12.766120368272006,38.0
Low,6116,12.9442421809188,11.14017757914894,1.8541487455368042,8.043866196064997,1.1894667164372077,7.049012184143067,19.556939328262136,12.50792714411907,37.369998931884766
Close,6116,13.112632707238898,11.274493217468262,1.8541487455368042,8.126307403805237,1.254118800163269,7.186435580253601,19.816946983337402,12.630511403083801,37.900001525878906
Volume,6116,46913294.77305429,23961731.0,0.0,73466397.51599672,0.0,14994306.25,44722645.0,29728338.75,1847516677.0
Dividends,6116,0.0013047493459777632,0.0,0.0,0.026145756069771153,0.0,0.0,0.0,0.0,1.440336
Stock Splits,6116,0.0034910071942446043,0.0,0.0,0.13713453743751225,0.0,0.0,0.0,0.0,10.0
