,count,mean,median,mode,std,min,25%,75%,IQR,max
Open,4501,10.983868596371693,6.547054072360479,2.9715960025787354,8.796134565276029,1.6769729409824814,4.585479854920791,16.463604371008447,11.878124516087656,45.90849897079115
High,4501,11.177040940012564,6.661639323587236,2.9715960025787354,8.91978907407902,1.8131109814996298,4.684386502106769,16.72115118370744,12.036764681600673,46.291071254939624
Low,4501,10.780476697923218,6.403880169393407,3.7797708511352535,8.663980084916556,1.584151502777641,4.494694317803555,16.181723346096316,11.687029028292761,44.77035208059298
Close,4501,10.977746943796086,6.540283203125,3.7984211444854736,8.791809905837745,1.732665777206421,4.579283237457275,16.42091941833496,11.841636180877686,45.78416061401367
Volume,4501,7787995.251721839,6110600.0,0.0,6948628.568570242,0.0,3583800.0,9688200.0,6104400.0,94175000.0
Dividends,4501,0.0029774336814041326,0.0,0.0,0.060543528526957734,0.0,0.0,0.0,0.0,2.0
Stock Splits,4501,0.0,0.0,0.0,0.0,0.0,0.0,0.0,0.0,0.0
