,count,mean,median,mode,std,min,25%,75%,IQR,max
Open,4490,3.025445040562584,2.927846630565048,1.2416900396347046,1.6017213491449038,0.68176319380106,1.4711322389401087,4.2801432215056305,2.809010982565522,7.280762082874395
High,4490,3.0808342426071222,2.978110306137289,0.7760560885499377,1.630777705638203,0.7220694722631819,1.4999097745985228,4.352007378524856,2.8520976039263335,7.5879951769008605
Low,4490,2.961812367236986,2.8519426355960302,0.7558111659968665,1.573703219440666,0.6151245273225975,1.430642318315504,4.203532105916354,2.77288978760085,7.159296665985756
Close,4490,3.021339232645481,2.916065216064453,1.2416900396347046,1.6037456706788786,0.6920149922370911,1.4643843173980713,4.279852271080017,2.815467953681946,7.509400367736816
Volume,4490,1996664.6697104678,676200.0,0.0,3178973.646025646,0.0,225375.0,2538375.0,2313000.0,47329500.0
Dividends,4490,0.0006668187082405346,0.0,0.0,0.008328105717491121,0.0,0.0,0.0,0.0,0.234621
Stock Splits,4490,0.0,0.0,0.0,0.0,0.0,0.0,0.0,0.0,0.0
