,count,mean,median,mode,std,min,25%,75%,IQR,max
Open,1163,7.379621611234041,7.213898550822811,5.53000020980835,1.8464818685671218,3.8172991528548055,5.846216389130645,8.665900541301014,2.8196841521703684,12.957420271469182
High,1163,7.5187525099219314,7.356471377939137,5.5,1.867492320038747,3.9557955527065283,5.963558299255242,8.790386135457243,2.8268278362020016,13.078171096299391
Low,1163,7.203786896585446,7.059893981263032,5.309999942779541,1.8180443159505655,3.791331361648645,5.697228496211222,8.467820620785146,2.7705921245739233,12.623036090720205
Close,1163,7.361707267121621,7.173371315002441,5.210916519165039,1.8435077606631254,3.8952033519744873,5.833253860473633,8.643558025360107,2.8103041648864746,12.901690483093262
Volume,1163,498443.07824591576,407400.0,318600.0,426838.2116111172,21900.0,275000.0,594350.0,319350.0,7715200.0
Dividends,1163,0.0012755313843508167,0.0,0.0,0.018840641764213854,0.0,0.0,0.0,0.0,0.420512
Stock Splits,1163,0.0,0.0,0.0,0.0,0.0,0.0,0.0,0.0,0.0
