,count,mean,median,mode,std,min,25%,75%,IQR,max
Open,4444,25.581349964986266,26.7744140625,34.885231018066406,14.830159048040082,2.130000114440918,14.302945137023926,37.0,22.697054862976074,69.04166853048922
High,4444,26.036246035479344,27.260474655486796,34.885231018066406,15.048674556549079,2.1600000858306885,14.6517972946167,37.597043341227966,22.945246046611267,69.95778145051865
Low,4444,25.04077669956724,26.223764419555664,34.885231018066406,14.556062418815815,2.0799999237060547,13.876719951629639,36.32424545288086,22.44752550125122,66.41825371051853
Close,4444,25.543606974969137,26.76220703125,34.013099670410156,14.814118037808036,2.130000114440918,14.267500400543213,36.97834396362305,22.710843563079834,68.12555694580078
Volume,4444,240325.949819982,67517.5,0.0,498102.6932638398,0.0,20799.75,223975.5,203175.75,9076500.0
Dividends,4444,0.00033953150315031504,0.0,0.0,0.016886563611030345,0.0,0.0,0.0,0.0,1.00851
Stock Splits,4444,4.500450045004501e-05,0.0,0.0,0.0030001500112509373,0.0,0.0,0.0,0.0,0.2
