,count,mean,median,mode,std,min,25%,75%,IQR,max
Open,6368,1303.133292109665,14.796728333046472,5507.20849609375,2463.4014343524304,0.7861984968185425,6.272177737438065,35.91092325227703,29.638745514838966,12435.635082471343
High,6368,1303.310642157567,14.976169214077816,5507.20849609375,2463.3091102692,0.7861984968185425,6.382609145495857,36.51389485750257,30.131285712006715,12435.635082471343
Low,6368,1301.2732424917276,14.51707014439004,5507.20849609375,2458.5027556419877,0.7861984968185425,6.192580699920654,35.31584069499168,29.123259995071024,11014.4169921875
Close,6368,1301.45933399283,14.776313781738281,5507.20849609375,2458.4058523665462,0.7861984968185425,6.281018137931824,36.011210441589355,29.73019230365753,11014.4169921875
Volume,6368,13378307.75910804,5387248.0,0.0,68898016.85558508,0.0,1226921.5,10053899.5,8826978.0,2137915305.0
Dividends,6368,0.0005869566582914573,0.0,0.0,0.009012558183684497,0.0,0.0,0.0,0.0,0.254186
Stock Splits,6368,0.0026074046119927705,0.0,0.0,0.09479688419991655,0.0,0.0,0.0,0.0,5.0
