,count,mean,median,mode,std,min,25%,75%,IQR,max
Open,1313,10.050422165981164,6.840161210473185,2.690000057220459,7.255963956739855,2.5299999713897705,5.018067004110426,13.124925485763823,8.106858481653397,32.729490686929644
High,1313,10.340924937912002,7.035037667033268,2.7799999713897705,7.455186258012425,2.6600000858306885,5.170270926952926,13.5633971644596,8.393126237506674,34.16183437255822
Low,1313,9.749578691085684,6.664341552137424,2.609999895095825,7.031777750202903,2.363025014253308,4.885217777815823,12.622248365444058,7.737030587628235,31.37510033647794
Close,1313,10.032452214154594,6.851099967956543,4.374088287353516,7.236462132813269,2.479717493057251,4.993341445922852,13.13466739654541,8.141325950622559,34.0936279296875
Volume,1313,8921336.557501905,7466100.0,5557300.0,6073300.216243212,806000.0,5162000.0,10969300.0,5807300.0,86956800.0
Dividends,1313,0.0001186938309215537,0.0,0.0,0.002600500324005452,0.0,0.0,0.0,0.0,0.071647
Stock Splits,1313,0.0030464584920030465,0.0,0.0,0.11038946493217634,0.0,0.0,0.0,0.0,4.0
