,count,mean,median,mode,std,min,25%,75%,IQR,max
Open,4609,23.37200875991103,24.682935989743335,4.735397815704346,11.902229626582649,3.7384709708971364,11.016755856503417,33.17704096911084,22.160285112607426,52.17051855445031
High,4609,23.71042154294135,25.10660103158112,7.385892868041992,12.075601709108442,3.9627811908721924,11.144858856642944,33.697011830738894,22.55215297409595,52.83439196169629
Low,4609,23.010003277969233,24.370952290378384,4.0375494956970215,11.715296531940314,3.7384709708971364,10.844173560914474,32.645590633982955,21.80141707306848,51.81701924824185
Close,4609,23.357130668147263,24.690689086914062,7.385892868041992,11.890072520321656,3.9627811908721924,11.042373657226562,33.124385833740234,22.082012176513672,52.377437591552734
Volume,4609,654963.2620958993,466800.0,0.0,955176.5165102029,0.0,234300.0,863100.0,628800.0,29321100.0
Dividends,4609,0.0016846808418311998,0.0,0.0,0.0319990982263262,0.0,0.0,0.0,0.0,1.746626
Stock Splits,4609,0.0006509004122369278,0.0,0.0,0.04418937922975139,0.0,0.0,0.0,0.0,3.0
