,count,mean,median,mode,std,min,25%,75%,IQR,max
Open,1306,9.102907207179364,8.930667799539265,5.078599209562567,3.1352960243815784,4.235359707327136,6.163789862802705,11.307069615263389,5.143279752460684,19.559999465942383
High,1306,9.30531807078368,9.103148950167139,4.886953335211241,3.182689254158373,4.436587237814106,6.324292694507683,11.529365062713623,5.20507236820594,20.459999084472656
Low,1306,8.87161779147611,8.681529823460178,5.471471786499023,3.094174849878689,3.5262724943884223,5.97933118085567,11.038766043763273,5.059434862907603,19.479999542236328
Close,1306,9.095410656965527,8.901921272277832,5.749357223510742,3.1492219619986024,4.129954814910889,6.142230033874512,11.31425666809082,5.172026634216309,19.760000228881836
Volume,1306,434663.1699846861,333550.0,156400.0,537921.0269620202,35500.0,209675.0,530950.0,321275.0,15222400.0
Dividends,1306,0.0004977029096477795,0.0,0.0,0.01798629731965578,0.0,0.0,0.0,0.0,0.65
Stock Splits,1306,0.0,0.0,0.0,0.0,0.0,0.0,0.0,0.0,0.0
