,count,mean,median,mode,std,min,25%,75%,IQR,max
Open,3524,8.314432340844549,6.485299520128873,2.1600000858306885,6.705758812728852,0.9200000166893005,2.9200000762939453,12.4528952588594,9.532895182565454,29.022893623990882
High,3524,8.441154395573939,6.594311233122691,2.2799999713897705,6.78514941220095,0.9300000071525574,3.0174999833106995,12.589215328610768,9.571715345300069,29.740985952687193
Low,3524,8.1509030672072,6.339724104236568,2.059999942779541,6.605193753229725,0.9100000262260437,2.809999942779541,12.213608282573924,9.403608339794383,28.713716199964672
Close,3524,8.297457822132326,6.485299587249756,2.180000066757202,6.6943673357216005,0.9100000262260437,2.9000000953674316,12.452895164489746,9.552895069122314,28.913185119628906
Volume,3524,1643512.1923950056,500200.0,0.0,3605422.9878383484,0.0,210400.0,1284700.0,1074300.0,45938400.0
Dividends,3524,8.38677639046538e-06,0.0,0.0,0.00026374209388598365,0.0,0.0,0.0,0.0,0.011781
Stock Splits,3524,0.0,0.0,0.0,0.0,0.0,0.0,0.0,0.0,0.0
