,count,mean,median,mode,std,min,25%,75%,IQR,max
Open,6369,11.982681206527033,7.989999771118164,2.4606971740722656,11.302198817624708,1.2000010013580322,3.930000066757202,15.31422233581543,11.384222269058228,63.39914786702381
High,6369,12.170452203890996,8.079999923706055,2.4606971740722656,11.470095546300245,1.2300009727478027,4.03000020980835,15.63266658782959,11.60266637802124,63.39914786702381
Low,6369,11.80253627778116,7.830007076263428,2.4606971740722656,11.09629390260076,1.1700010299682617,3.880000114440918,15.150014877319336,11.270014762878418,60.634477473607035
Close,6369,12.004912509126854,7.980000019073486,2.4606971740722656,11.305861603179066,1.2000010013580322,3.9700000286102295,15.343172073364258,11.373172044754028,61.66218185424805
Volume,6369,383606.32799497567,2266.0,0.0,2584482.0772547014,0.0,233.0,10999.0,10766.0,89933243.0
Dividends,6369,0.00015308541372271943,0.0,0.0,0.012217136794890414,0.0,0.0,0.0,0.0,0.975001
Stock Splits,6369,0.00036635787931124723,0.0,0.0,0.025405802825740047,0.0,0.0,0.0,0.0,2.0
