,count,mean,median,mode,std,min,25%,75%,IQR,max
Open,3489,38.731131207991005,11.853427156960086,33.77792753820418,58.7913310419874,0.27856803011206344,2.446724423746575,44.1292269845507,41.682502560804124,255.15349854621618
High,3489,39.57061794640641,12.118606558321114,2.4324306557791866,59.8764382959463,0.281336502690296,2.47289256813367,45.12803622350058,42.655143655366906,256.6037528882349
Low,3489,37.814378900017005,11.533064559606068,33.05151777095428,57.57642798088198,0.2692244810293481,2.3996210656358246,43.039616370707925,40.6399953050721,242.37316932643304
Close,3489,38.655500609106305,11.82430362701416,1.9756975173950195,58.70151483465971,0.2709549069404602,2.4388744831085205,44.220027923583984,41.781153440475464,248.80865478515625
Volume,3489,7493717.65950129,4170878.0,0.0,8185034.5959106935,0.0,2319967.0,9432203.0,7112236.0,65704800.0
Dividends,3489,0.0005140077386070508,0.0,0.0,0.009641326214536675,0.0,0.0,0.0,0.0,0.305175
Stock Splits,3489,0.005796789911149327,0.0,0.0,0.20312099320257526,0.0,0.0,0.0,0.0,8.0
