,count,mean,median,mode,std,min,25%,75%,IQR,max
Open,1990,10.100183556484394,9.500775363622733,6.093554947384859,4.022775983542196,3.328696787912762,6.49213953936235,13.6565436969607,7.16440415759835,19.476255906469806
High,1990,10.302897635124195,9.630653836139999,5.423648357391357,4.083740612636243,3.4183923029368732,6.598521524018251,13.927070890393548,7.328549366375297,20.013003003317152
Low,1990,9.874123210811454,9.257592802547233,3.5379861718836088,3.948312851799291,3.2888321028327643,6.347180798951816,13.345998862605569,6.998818063653753,19.126944369435293
Close,1990,10.081697276609027,9.49395227432251,4.755428314208984,4.020412562936531,3.3286967277526855,6.464535593986511,13.607248783111572,7.142713189125061,19.47625160217285
Volume,1990,2876438.172361809,2308300.0,0.0,2326010.780908176,0.0,1320440.5,3826300.0,2505859.5,27471900.0
Dividends,1990,0.0013853311557788942,0.0,0.0,0.017630209481437273,0.0,0.0,0.0,0.0,0.602049
Stock Splits,1990,0.0,0.0,0.0,0.0,0.0,0.0,0.0,0.0,0.0
