,count,mean,median,mode,std,min,25%,75%,IQR,max
Open,4436,6.846659051696683,6.005657783697858,15.149999618530273,3.647537966846184,2.0563907088161857,3.71699725610223,9.146118770737848,5.429121514635618,23.100000381469727
High,4436,6.980264486619106,6.146637043986459,3.431074607835978,3.7155644905957566,2.1183640597081332,3.7747457070470154,9.295438830013579,5.520693122966563,26.030000686645508
Low,4436,6.691380280072184,5.860437728519249,3.577556812257901,3.569713136173127,1.9549794025665126,3.6338972313561837,8.914242614888641,5.280345383532458,22.829999923706055
Close,4436,6.837382295735792,6.002840995788574,3.6620662212371826,3.648283185987982,2.0282208919525146,3.7071157693862915,9.13937783241272,5.432262063026428,25.06999969482422
Volume,4436,4760329.433949504,2930012.0,0.0,5281732.624606217,0.0,1354730.5,6403355.25,5048624.75,58415700.0
Dividends,4436,0.0023230160054102792,0.0,0.0,0.058791476843374144,0.0,0.0,0.0,0.0,2.833731
Stock Splits,4436,0.0,0.0,0.0,0.0,0.0,0.0,0.0,0.0,0.0
