,count,mean,median,mode,std,min,25%,75%,IQR,max
Open,4423,8.13685268143784,7.050000190734863,6.800000190734863,3.900150237346824,1.1450104948309965,5.31848110870912,9.961558923678572,4.643077814969452,20.272445511568524
High,4423,8.301825280237425,7.185128315547769,7.179999828338623,3.962750546354156,1.1804900102887559,5.437709557644778,10.160610869268162,4.722901311623383,20.634778544971013
Low,4423,7.9642951702319165,6.910658621640258,5.349999904632568,3.8291996321362975,1.040185570716858,5.184179872171544,9.739019923471844,4.5548400513003,19.738008097205174
Close,4423,8.126728613883857,7.039999961853027,5.160612106323242,3.894603442449005,1.040185570716858,5.300000190734863,9.93419075012207,4.634190559387207,20.245271682739258
Volume,4423,5586103.608636672,4040802.0,0.0,5339328.492212141,0.0,2559434.5,6740760.0,4181325.5,84710500.0
Dividends,4423,0.0016505672620393398,0.0,0.0,0.022628321643317434,0.0,0.0,0.0,0.0,0.387787
Stock Splits,4423,0.0006782726656115759,0.0,0.0,0.04510895694687174,0.0,0.0,0.0,0.0,3.0
