,count,mean,median,mode,std,min,25%,75%,IQR,max
Open,1462,15.987399922909942,15.224068338817407,14.061909844488621,2.566501560853149,11.925920599529546,13.756420272913296,18.411940172609704,4.655519899696408,23.40999984741211
High,1462,16.198590055282665,15.448352747139753,13.53368284866765,2.5888988737512544,12.004095013913677,13.940072325455652,18.57099959620059,4.630927270744937,23.920000076293945
Low,1462,15.757946920558895,14.982151700303511,12.556868394246585,2.5572389164338247,11.258354181346009,13.528676888696792,18.14327778417909,4.614600895482299,23.25
Close,1462,15.991045445652244,15.260860919952393,18.54187774658203,2.581568543571226,11.80502986907959,13.740195512771606,18.39626121520996,4.6560657024383545,23.75
Volume,1462,2076567.441860465,1599500.0,632700.0,2213668.70991162,279000.0,1028325.0,2484800.0,1456475.0,59343300.0
Dividends,1462,0.003152526675786594,0.0,0.0,0.032250819319991214,0.0,0.0,0.0,0.0,0.583843
Stock Splits,1462,0.0,0.0,0.0,0.0,0.0,0.0,0.0,0.0,0.0
