,count,mean,median,mode,std,min,25%,75%,IQR,max
Open,1096,62.75201986953136,36.85224199674137,28.5,55.23080630071192,19.020000457763672,28.212761878967285,66.41922567867265,38.20646379970536,294.93779550211013
High,1096,64.49436813848956,38.213276817935636,29.5,56.9595920005382,19.459999084472656,29.0,68.38719753852257,39.38719753852257,304.02414078318145
Low,1096,60.957884716991025,35.54658612897319,19.5,53.36452166826533,18.229999542236328,27.35500182424273,64.45124915322327,37.09624732898054,277.0106537154875
Close,1096,62.523741193061326,36.65357208251953,31.085227966308594,54.96585320392823,19.15999984741211,28.043672561645508,66.41922760009766,38.37555503845215,288.0616455078125
Volume,1096,67947.19708029197,35286.0,15156.0,126495.78694943745,2100.0,19661.0,64657.0,44996.0,1718980.0
Dividends,1096,0.0007445702554744525,0.0,0.0,0.015139208380123276,0.0,0.0,0.0,0.0,0.369753
Stock Splits,1096,3.649635036496351e-05,0.0,0.0,0.0012082441866603539,0.0,0.0,0.0,0.0,0.04
