,count,mean,median,mode,std,min,25%,75%,IQR,max
Open,910,7.937486774842817,7.599999904632568,11.800000190734863,2.8295424037561223,1.7699999809265137,5.868657112121582,10.299411058425903,4.430753946304321,15.446466445922852
High,910,8.134210445592691,7.7682225704193115,6.898421764373779,2.8561045969974734,1.850000023841858,6.064999938011169,10.505697011947632,4.440697073936462,15.916358947753906
Low,910,7.711425364148486,7.3641579151153564,5.958637237548828,2.7848899220926473,1.7400000095367432,5.679025650024414,10.035204887390137,4.356179237365723,15.126540184020996
Close,910,7.920730506718813,7.598261833190918,6.748456001281738,2.8210364265629444,1.7699999809265137,5.878654956817627,10.279999732971191,4.4013447761535645,15.406476020812988
Volume,910,3287882.8934065932,1856224.0,406492.0,4731700.7035575,271462.0,1068011.0,3623246.0,2555235.0,64963400.0
Dividends,910,0.0,0.0,0.0,0.0,0.0,0.0,0.0,0.0,0.0
Stock Splits,910,0.0,0.0,0.0,0.0,0.0,0.0,0.0,0.0,0.0
