,count,mean,median,mode,std,min,25%,75%,IQR,max
Open,6369,7.418965905539366,5.32433950327731,6.165464878082275,7.651027811758923,0.9490385370231901,2.722876248838604,8.134855726379676,5.411979477541072,37.61597591033293
High,6369,7.520713029413917,5.393095731664874,6.165464878082275,7.732917073653946,0.9595534359484645,2.765962397068506,8.243264084808166,5.47730168773966,37.74289277305136
Low,6369,7.312324775885283,5.233196187182431,6.165464878082275,7.569392783702506,0.9274692574625579,2.667838396439281,8.019476835590469,5.351638439151188,37.401197585188434
Close,6369,7.413174545012495,5.316206455230713,1.428950309753418,7.651048101509506,0.943646252155304,2.7141854763031006,8.132593154907227,5.418407678604126,37.58668899536133
Volume,6369,511741981.8940179,34812800.0,0.0,3749338889.1781063,0.0,22010000.0,55292800.0,33282800.0,73564160000.0
Dividends,6369,0.00711833521745957,0.0,0.0,0.13408232324270067,0.0,0.0,0.0,0.0,6.732003
Stock Splits,6369,0.0009420631182289214,0.0,0.0,0.056034060135806474,0.0,0.0,0.0,0.0,4.0
