,count,mean,median,mode,std,min,25%,75%,IQR,max
Open,4497,4.0744595594162005,3.5279724239880124,2.679412841796875,2.1549507709199784,0.8045743107795715,2.4137231521720075,5.364759910955502,2.951036758783495,11.283493297634616
High,4497,4.136336487695504,3.599244868797632,2.679412841796875,2.174772859047788,0.8208282297830465,2.4706119354489147,5.447186305008144,2.9765743695592297,11.477138034921893
Low,4497,4.001529593265806,3.4467488755429945,2.600644111633301,2.124590554152147,0.7801932999009373,2.364960550057409,5.289873349256102,2.9249127991986934,10.981213246630016
Close,4497,4.071629280590178,3.5279722213745117,2.600644111633301,2.1541121788677664,0.8045743107795715,2.4137227535247803,5.365443706512451,2.951720952987671,11.264601707458496
Volume,4497,183603.62775183455,74200.0,0.0,370103.174610417,0.0,23400.0,206600.0,183200.0,6704954.0
Dividends,4497,0.0006653457860796087,0.0,0.0,0.009394654540784414,0.0,0.0,0.0,0.0,0.207972
Stock Splits,4497,0.0005018885923949299,0.0,0.0,0.023797731791463092,0.0,0.0,0.0,0.0,1.14178
