,count,mean,median,mode,std,min,25%,75%,IQR,max
Open,1159,6.535676029866594,5.5661298165054225,10.75,3.458359135761534,1.6083672332078371,3.187261650639111,9.789222366401084,6.601960715761973,14.699999809265137
High,1159,6.690691779072335,5.675599357627413,2.5936470245403664,3.53339384330233,1.6673127089266142,3.29673180504241,10.024168124111696,6.7274363190692865,15.279999732971191
Low,1159,6.375482517754679,5.398793732923899,11.75,3.3916276563886103,1.5662634183529511,3.076271396805388,9.576592499295394,6.500321102490006,14.670000076293945
Close,1159,6.535284870137831,5.483874797821045,3.3683083057403564,3.466831551081099,1.6167880296707153,3.1663434505462646,9.771151542663574,6.60480809211731,14.920000076293945
Volume,1159,952123.9861949957,782400.0,426400.0,688994.7731572298,93000.0,516950.0,1185100.0,668150.0,6292000.0
Dividends,1159,0.0017494029335634166,0.0,0.0,0.034180573685635075,0.0,0.0,0.0,0.0,1.006013
Stock Splits,1159,0.0,0.0,0.0,0.0,0.0,0.0,0.0,0.0,0.0
