,count,mean,median,mode,std,min,25%,75%,IQR,max
Open,6371,57.042011389445435,47.72837649767386,48.868648529052734,57.45935745058992,0.9300000071525574,23.550000190734863,73.30297088623047,49.752970695495605,346.15289306640625
High,6371,57.843348185255856,48.379962110997866,48.868648529052734,58.032822878107275,0.9800000190734863,23.925000190734863,74.44323850083336,50.518238310098496,350.2252994866839
Low,6371,56.15823939684863,46.91389846801758,48.868648529052734,56.95764782024057,0.8799999952316284,23.08490753173828,71.75546162941174,48.67055409767346,346.15289306640625
Close,6371,56.926601235916316,47.402587890625,48.868648529052734,57.48538166802527,0.9100000262260437,23.45981216430664,73.14007568359375,49.68026351928711,346.15289306640625
Volume,6371,75759.38973473552,18276.0,0.0,236729.1445271141,0.0,0.0,59814.5,59814.5,6461200.0
Dividends,6371,0.00019845550149113169,0.0,0.0,0.015840429219731614,0.0,0.0,0.0,0.0,1.26436
Stock Splits,6371,9.311494178584948e-06,0.0,0.0,0.0007369913403526424,0.0,0.0,0.0,0.0,0.058823529411764705
