,count,mean,median,mode,std,min,25%,75%,IQR,max
Open,6371,6.156983120130911,4.234597427165191,0.5157439708709717,6.169679590452698,0.14182952624505002,0.6105126142501831,10.694026688850727,10.083514074600544,29.879487866910033
High,6371,6.235816824908348,4.3109283447265625,0.5157439708709717,6.255579720844353,0.1547234207391739,0.6105126142501831,10.81053876876831,10.200026154518127,31.239293151872506
Low,6371,6.086317561100854,4.225644588470459,0.5157439708709717,6.073511279107788,0.14182952624505002,0.605999767780304,10.574458893094913,9.96845912531461,28.710053171537425
Close,6371,6.1643423267051505,4.294187068939209,0.5157439708709717,6.164307645781019,0.1547234207391739,0.6105126142501831,10.742536067962646,10.132023453712463,29.190515518188477
Volume,6371,139664.0009417674,9000.0,0.0,460992.44924267725,0.0,0.0,96000.0,96000.0,27934710.0
Dividends,6371,0.0003425302150368859,0.0,0.0,0.005210864782451593,0.0,0.0,0.0,0.0,0.168311
Stock Splits,6371,0.0047088369172814315,0.0,0.0,0.3758525076654976,0.0,0.0,0.0,0.0,30.0
