,count,mean,median,mode,std,min,25%,75%,IQR,max
Open,4571,6.089553551384708,4.114059243798574,12.594852447509766,5.550536040995928,0.9190292358398438,2.388435735999834,7.533556364802148,5.145120628802315,30.464349792270127
High,4571,6.214153573860882,4.240203985929824,12.594852447509766,5.638626148862115,0.9486753117210402,2.463074170441687,7.720310762835972,5.2572365923942845,30.768932184493007
Low,4571,5.947358366368842,4.007143303161635,12.594852447509766,5.4248121470587725,0.9042061978992456,2.3346307942079845,7.377530865691046,5.042900071483062,29.90492274170204
Close,4571,6.0745195352360914,4.1140594482421875,12.594852447509766,5.536455781738826,0.9190292358398438,2.3884356021881104,7.514050483703613,5.125614881515503,30.33382225036621
Volume,4571,1123623.3808794573,309600.0,0.0,2108007.532002282,0.0,133000.0,1193200.0,1060200.0,24830400.0
Dividends,4571,0.0008123561583898491,0.0,0.0,0.017631274832293164,0.0,0.0,0.0,0.0,0.680482
Stock Splits,4571,0.0,0.0,0.0,0.0,0.0,0.0,0.0,0.0,0.0
