,count,mean,median,mode,std,min,25%,75%,IQR,max
Open,3617,13.97353214728562,4.942061891937289,3.9137139320373535,15.86847709459808,0.1387770934371319,1.0682842111169708,26.187937628680288,25.119653417563317,51.61000061035156
High,3617,14.240475500114103,5.071853618744171,3.9137139320373535,16.102446898907562,0.14975946927920208,1.0932440513688766,26.687134682684242,25.593890631315364,52.130001068115234
Low,3617,13.693041747176178,4.742382651324573,0.9384925986440218,15.617927693104393,0.136780300977272,1.0317428704459637,25.209509598120423,24.17776672767446,50.439998626708984
Close,3617,13.951800423422208,4.912110328674316,0.7388133406639099,15.850868729773543,0.13777869939804077,1.0682841539382935,26.098081588745117,25.029797434806824,50.86000061035156
Volume,3617,8261256.115565386,5018000.0,0.0,9544585.697134435,0.0,1870000.0,11262600.0,9392600.0,161938000.0
Dividends,3617,2.0084047553220902e-05,0.0,0.0,0.0012078847422068793,0.0,0.0,0.0,0.0,0.072644
Stock Splits,3617,0.018053635609621234,0.0,0.0,0.8518380532854122,0.0,0.0,0.0,0.0,50.0
