,count,mean,median,mode,std,min,25%,75%,IQR,max
Open,6368,7.700036662098969,2.863064060031136,0.028368720784783363,9.11765834632772,0.004693519789725542,0.044358715415000916,13.857397387473616,13.813038672058616,29.72914165749084
High,6368,7.811941729246068,2.9044547984094926,0.028368720784783363,9.246552010315167,0.004693519789725542,0.044358715415000916,14.03630558810204,13.99194687268704,30.115490548207163
Low,6368,7.590001573554127,2.8129995252660835,0.028368720784783363,8.991676008979587,0.004693519789725542,0.044358715415000916,13.666832092826299,13.622473377411298,29.24372716856742
Close,6368,7.701452053550703,2.8613542318344116,0.028368720784783363,9.11982118645066,0.004693519789725542,0.044358715415000916,13.85165548324585,13.807296767830849,29.7885799407959
Volume,6368,3931189.612280151,3234140.0,0.0,5086060.199145797,0.0,0.0,6105450.0,6105450.0,131614865.0
Dividends,6368,0.0003188355841708542,0.0,0.0,0.003773262905054548,0.0,0.0,0.0,0.0,0.110582
Stock Splits,6368,0.004560301507537688,0.0,0.0,0.2613676467724451,0.0,0.0,0.0,0.0,20.0
