,count,mean,median,mode,std,min,25%,75%,IQR,max
Open,2519,16.189752616579312,17.955443501590565,8.33371639251709,5.859924028753819,1.4071198817013149,12.68389892578125,20.58760784465383,7.9037089188725815,26.626274472421432
High,2519,16.44971541782317,18.213282684402934,8.33371639251709,5.9199623284808345,1.575577976400884,12.882084398649864,20.835765871151246,7.953681472501382,26.64609162447838
Low,2519,15.912957616633694,17.658362524054855,8.33371639251709,5.79985363281685,1.317936309584136,12.485711942103553,20.277209381670733,7.7914974395671805,26.03171794895264
Close,2519,16.19197235873125,17.93582534790039,12.68389892578125,5.862974406964744,1.4863942861557007,12.68389892578125,20.576651573181152,7.892752647399902,26.62627601623535
Volume,2519,9489196.292179435,8447400.0,0.0,6029228.260504015,0.0,5556650.0,12369050.0,6812400.0,60535200.0
Dividends,2519,7.05541881699087e-05,0.0,0.0,0.0022945003512606812,0.0,0.0,0.0,0.0,0.092402
Stock Splits,2519,3.969829297340215e-05,0.0,0.0,0.0019924430474521004,0.0,0.0,0.0,0.0,0.1
