,count,mean,median,mode,std,min,25%,75%,IQR,max
Open,1008,16.772551772149242,16.404363270298536,11.606254023533554,3.3326044282714,10.025920877485003,14.765408203607828,18.48968722023459,3.7242790166267614,27.583811005014645
High,1008,17.09713118654492,16.63354127018124,10.268484828256012,3.394480977108534,10.268484828256012,15.035541843318521,18.81416157453265,3.77861973121413,27.727515036682675
Low,1008,16.423690500108876,16.029970797782937,11.010872840881348,3.2610085127680444,9.60695022748207,14.546537752057262,18.11248247773523,3.5659447256779693,26.282902985555044
Close,1008,16.751452400570823,16.326714515686035,11.576852798461914,3.3262709703335287,9.967119216918945,14.772432088851929,18.453420639038086,3.6809885501861572,27.311527252197266
Volume,1008,2189626.3779761903,1833550.0,385590.0,1771272.0600406216,180071.0,1126350.0,2765075.0,1638725.0,22857400.0
Dividends,1008,0.005373186507936507,0.0,0.0,0.0726330550877852,0.0,0.0,0.0,0.0,1.398827
Stock Splits,1008,0.0,0.0,0.0,0.0,0.0,0.0,0.0,0.0,0.0
