,count,mean,median,mode,std,min,25%,75%,IQR,max
Open,3873,17.4073797803493,17.60843267906966,8.399568557739258,9.361213058052114,5.283797010503391,7.844744775784861,26.516265275094913,18.671520499310052,34.270120187318206
High,3873,17.657093061389908,17.832435528131487,8.399568557739258,9.4768315682358,5.4894414508075275,7.953626739358552,26.894146039322504,18.940519299963952,34.98018941028095
Low,3873,17.174584733196017,17.27269380637794,8.399568557739258,9.25196428306803,5.2502224845770495,7.720306532378195,26.22558443684743,18.505277904469235,34.180891515837885
Close,3873,17.41013366050139,17.52833366394043,8.399568557739258,9.361219664634804,5.388718128204346,7.829246520996094,26.54071617126465,18.711469650268555,34.539554595947266
Volume,3873,2320953.7157242447,1901040.0,0.0,2529500.5432620533,0.0,1255034.0,2809011.0,1553977.0,87207046.0
Dividends,3873,0.005637483088045442,0.0,0.0,0.06668991866717554,0.0,0.0,0.0,0.0,2.091569
Stock Splits,3873,4.694505081801751e-06,0.0,0.0,0.00029215516057557654,0.0,0.0,0.0,0.0,0.01818181818181818
