,count,mean,median,mode,std,min,25%,75%,IQR,max
Open,1514,18.498714160278883,18.0425401553112,10.59000015258789,8.307249071740848,5.965796353608511,11.179830481745334,24.3131242014676,13.133293719722264,46.854773609173186
High,1514,18.964647742810214,18.54324736979767,10.597670917777522,8.524720289411553,6.246760452416042,11.443834979172765,24.86470646584445,13.420871486671684,49.51884792722946
Low,1514,18.01727789243962,17.360631053998173,6.799322205551797,8.093772497449455,5.881507539312473,10.934171733642522,23.635661080864658,12.701489347222136,45.96674728393555
Close,1514,18.488818733978775,17.99946689605713,23.57386589050293,8.320888663578469,5.947065353393555,11.192906379699707,24.25819444656372,13.065288066864014,46.62590408325195
Volume,1514,1830661.889035667,1504550.0,983600.0,1327969.866029827,78900.0,1033100.0,2260875.0,1227775.0,20866300.0
Dividends,1514,0.0006443586525759577,0.0,0.0,0.015479189048215167,0.0,0.0,0.0,0.0,0.548366
Stock Splits,1514,0.0,0.0,0.0,0.0,0.0,0.0,0.0,0.0,0.0
