,count,mean,median,mode,std,min,25%,75%,IQR,max
Open,1159,8.245079758118148,8.123371713444328,5.158340138581999,2.5706190520949708,2.9884837393652415,6.428794823645589,9.945856981395696,3.5170621577501073,16.034090252647573
High,1159,8.423231988792574,8.284904918467229,3.38300302883207,2.6101589474418714,3.0772505190731616,6.587599878011357,10.131388844903473,3.543788966892116,16.24064575908264
Low,1159,8.046844836386304,7.919974389093773,5.010395252376958,2.51136777469563,2.949031775023139,6.292583004143334,9.704848323814701,3.4122653196713673,15.759440837391512
Close,1159,8.228546944438023,8.119028091430664,7.594496250152588,2.5672020505740085,2.9884836673736572,6.395047187805176,9.94022274017334,3.545175552368164,15.86612319946289
Volume,1159,3393259.1026747194,2865600.0,1757200.0,2129890.94614514,419600.0,2047350.0,4074150.0,2026800.0,28684400.0
Dividends,1159,0.0008226893874029336,0.0,0.0,0.016225300740649075,0.0,0.0,0.0,0.0,0.515612
Stock Splits,1159,0.003451251078515962,0.0,0.0,0.11749469908920931,0.0,0.0,0.0,0.0,4.0
