,count,mean,median,mode,std,min,25%,75%,IQR,max
Open,4446,6.391386718390458,2.0027479198278217,1.5021364248623208,6.599240744092665,0.5405915934968675,1.5731970068850178,9.44199033560098,7.868793328715963,22.648385030520245
High,4446,6.49597967128482,2.0313820326365026,1.4179461002349854,6.698534082930872,0.7444217117280517,1.6000200074430435,9.614214001453679,8.014193994010634,22.70736635880702
Low,4446,6.284417886697309,1.970437224962562,1.4445321266862912,6.5018456346289915,0.5405915934968675,1.5454406769269464,9.186020877225111,7.640580200298165,21.952418247606843
Close,4446,6.387079384994035,2.0025171041488647,1.4179461002349854,6.594553216637101,0.6469375491142273,1.5736931264400482,9.439658164978027,7.865965038537979,22.668045043945312
Volume,4446,1850097.5879442196,1365848.0,0.0,1708013.814143634,0.0,659692.0,2544690.0,1884998.0,24596880.0
Dividends,4446,0.0019012663067926225,0.0,0.0,0.044913215519972106,0.0,0.0,0.0,0.0,2.134598
Stock Splits,4446,0.0018893387314439947,0.0,0.0,0.05371283381309388,0.0,0.0,0.0,0.0,2.0
