,count,mean,median,mode,std,min,25%,75%,IQR,max
Open,4345,13.304155481015261,9.042555449116431,3.2240536212921147,10.643699293935315,1.1894789006286286,5.666379610051366,21.874858654912398,16.208479044861033,35.599998474121094
High,4345,13.434100926996908,9.161654831148986,3.2240536212921147,10.729913530323966,1.2335891774523329,5.731698273345063,22.1023057729599,16.370607499614838,35.91999816894531
Low,4345,13.18017345871973,8.941101275678795,3.2240536212921147,10.569784160709451,1.1035011829361785,5.594679834381577,21.707620911112528,16.11294107673095,35.439998626708984
Close,4345,13.297615273391145,9.042557716369629,3.2240536212921143,10.643015007708314,1.1588257551193237,5.656580924987793,21.94175148010254,16.285170555114746,35.86000061035156
Volume,4345,1169374.7820483313,929500.0,0.0,1425313.691770794,0.0,245000.0,1730900.0,1485900.0,40190600.0
Dividends,4345,0.008606056156501727,0.0,0.0,0.08786542415195743,0.0,0.0,0.0,0.0,1.631192
Stock Splits,4345,0.0006904487917146145,0.0,0.0,0.04551204648380297,0.0,0.0,0.0,0.0,3.0
