,count,mean,median,mode,std,min,25%,75%,IQR,max
Open,4363,9.494271053166178,4.74745815872244,4.590442180633545,7.472246730733872,0.7204315399751922,4.590442180633545,12.723762625776246,8.1333204451427,36.99164858718182
High,4363,9.649267333960154,4.858295619378623,4.590442180633545,7.626334186927373,0.7573767304420471,4.590442180633545,12.970156128009489,8.379713947375944,38.09687027412579
Low,4363,9.317027178719098,4.590642333444975,4.590442180633545,7.28743249774498,0.6834863666755315,4.590442180633545,12.417759943535534,7.827317762901989,36.273735884312806
Close,4363,9.487852597206578,4.725945949554443,4.590442180633545,7.464256342456798,0.7019588947296143,4.590442180633545,12.694149017333984,8.10370683670044,37.388397216796875
Volume,4363,1132927.7730919092,580137.0,0.0,1664810.065871609,0.0,0.0,1657018.0,1657018.0,22223500.0
Dividends,4363,0.0003811235388494156,0.0,0.0,0.008116092701858797,0.0,0.0,0.0,0.0,0.249945
Stock Splits,4363,0.0009168003667201467,0.0,0.0,0.04281565573056236,0.0,0.0,0.0,0.0,2.0
