,count,mean,median,mode,std,min,25%,75%,IQR,max
Open,4434,13.831504259630304,13.426288923804638,2.644585569520359,6.753207762826453,1.9341773008688894,8.972272130221526,18.122802595068926,9.1505304648474,36.310001373291016
High,4434,14.04791859021053,13.657185446900542,14.519298206676137,6.823342537065914,1.9704753688440684,9.093825660982839,18.35522099347717,9.261395332494333,36.47999954223633
Low,4434,13.562279199563998,13.109448412008922,2.078456168152436,6.668646410393799,1.7889842636255369,8.805046320812004,17.76764628814505,8.962599967333045,35.880001068115234
Close,4434,13.816890466250866,13.38550615310669,8.815285682678223,6.754393992518815,1.8926935195922852,8.970847129821777,18.11952018737793,9.148673057556152,36.310001373291016
Volume,4434,235137.7151556157,157800.0,0.0,297135.0725907949,0.0,83125.0,284300.0,201175.0,5450609.0
Dividends,4434,0.0031871756878664864,0.0,0.0,0.04041954864923564,0.0,0.0,0.0,0.0,1.22
Stock Splits,4434,0.0,0.0,0.0,0.0,0.0,0.0,0.0,0.0,0.0
