,count,mean,median,mode,std,min,25%,75%,IQR,max
Open,4768,13.451626372901575,9.637317783665074,2.886841281252828,10.002343213638543,1.3377919257311233,7.186205472731917,23.598043270113838,16.41183779738192,40.650001525878906
High,4768,13.682886229651693,9.806643162910103,2.8873226642608643,10.183078018222883,1.3955386450624705,7.2892382294318905,24.176875318841052,16.88763708940916,41.630001068115234
Low,4768,13.228706704469692,9.487100317581898,1.9730032682418825,9.835679211849843,1.3233554515414876,7.036518929263806,23.134907374851338,16.09838844558753,40.36000061035156
Close,4768,13.4594404553407,9.649834632873535,2.8873226642608643,10.014185982427394,1.324798822402954,7.1849507093429565,23.56429100036621,16.379340291023254,41.58000183105469
Volume,4768,3308202.3330536913,1776213.0,0.0,11483459.040458567,0.0,912888.75,3569713.5,2656824.75,588682808.0
Dividends,4768,0.0008887216862416107,0.0,0.0,0.01124503004625951,0.0,0.0,0.0,0.0,0.254729
Stock Splits,4768,0.0016778523489932886,0.0,0.0,0.08443667797104427,0.0,0.0,0.0,0.0,5.0
