,count,mean,median,mode,std,min,25%,75%,IQR,max
Open,4363,3.002204121019153,1.8100111756417838,0.9894397258758545,2.725858982253659,0.5396813698715224,0.9997324700623567,4.461667486884837,3.46193501682248,13.736619004811079
High,4363,3.059266262555032,1.8397316932678223,0.9894397258758545,2.7825640439005697,0.5396813698715224,1.0101582863141436,4.546576125933068,3.5364178396189248,13.75240982563279
Low,4363,2.93627068297236,1.7713735103607178,0.9894397258758545,2.6586732292583872,0.48841133713722223,0.9928750991821289,4.368087642231333,3.375212543049204,13.32610018935127
Close,4363,2.9995330786270586,1.8100107908248901,0.7634499669075012,2.7210459367366564,0.4884113371372223,1.0031147003173828,4.46043062210083,3.4573159217834473,13.49978256225586
Volume,4363,531740.7160210864,174400.0,0.0,809720.0957225515,0.0,24400.0,752400.0,728000.0,9560895.0
Dividends,4363,0.0004556992894797158,0.0,0.0,0.00904272682572177,0.0,0.0,0.0,0.0,0.300639
Stock Splits,4363,0.0007052257620903049,0.0,0.0,0.03438576000026912,0.0,0.0,0.0,0.0,2.0
