,count,mean,median,mode,std,min,25%,75%,IQR,max
Open,5604,651420.7097292201,11.110651463134237,3520069.75,1315591.719904074,1.6851142644882204,7.1644145857882915,18.757434879239728,11.593020293451437,3728423.25
High,5604,651440.1818548848,11.285502610819204,3520069.75,1315632.9402488011,1.6851142644882204,7.263196853474318,18.95793059067855,11.694733737204233,3728423.25
Low,5604,650960.5605359662,10.931434718273067,3520069.75,1315029.1883275073,1.6851142644882204,7.031982032429591,18.56909733670124,11.53711530427165,3728423.25
Close,5604,650980.0369487186,11.086935043334961,3520069.75,1315070.4309966315,1.6851142644882202,7.156161069869995,18.741670608520508,11.585509538650513,3728423.25
Volume,5604,4745425.432905068,3514560.5,0.0,9422966.475532126,0.0,0.0,6784842.5,6784842.5,499606600.0
Dividends,5604,0.0010228476088508208,0.0,0.0,0.015026694282845967,0.0,0.0,0.0,0.0,0.450164
Stock Splits,5604,0.0012760528194147038,0.0,0.0,0.06167594486473447,0.0,0.0,0.0,0.0,4.0
