,count,mean,median,mode,std,min,25%,75%,IQR,max
Open,6369,8.026745686575575,7.145369503887513,15.84835147857666,5.580019941019184,0.5563870074915535,3.8449957370758057,10.484461784362793,6.639466047286987,32.882362365722656
High,6369,8.170838447606732,7.28000020980835,15.84835147857666,5.658165901964617,0.5669707942018068,3.941927708149915,10.705987020432504,6.764059312282589,33.29947638262373
Low,6369,7.869683892116313,7.012327194213867,15.84835147857666,5.488839318237736,0.5442921781753053,3.755667193999277,10.282587586910815,6.526920392911538,32.882362365722656
Close,6369,8.015054657819002,7.136466979980469,3.102660655975342,5.572664326612523,0.5518516898155212,3.825793504714966,10.484461784362793,6.658668279647827,32.882362365722656
Volume,6369,14560319.909090908,7146200.0,0.0,47240233.3978574,0.0,4075200.0,13505200.0,9430000.0,796448880.0
Dividends,6369,0.0009085996231747526,0.0,0.0,0.020998669305272315,0.0,0.0,0.0,0.0,1.095799
Stock Splits,6369,0.0007850525985241011,0.0,0.0,0.03652646425005375,0.0,0.0,0.0,0.0,2.0
