,count,mean,median,mode,std,min,25%,75%,IQR,max
Open,6371,23.564934279533585,17.849976255192324,1.799680233001709,20.071629513445558,1.293520140390906,9.222799797259789,29.520403026095025,20.297603228835236,81.87368423148109
High,6371,23.8602642512854,18.123863190864565,1.799680233001709,20.271208711059494,1.3145160675048828,9.39626159377779,29.881615115089893,20.485353521312103,82.2418459229532
Low,6371,23.242874120847123,17.57347047344336,1.799680233001709,19.83858209542105,1.2372799326144872,9.052688730465482,29.12898220435296,20.076293473887475,80.6520687064396
Close,6371,23.545104063580727,17.867944717407227,1.799680233001709,20.04705153501938,1.274773120880127,9.204729080200195,29.50368309020996,20.298954010009766,81.99919891357422
Volume,6371,12045812.823104693,5442400.0,0.0,18927077.504216857,0.0,2907750.0,16895550.0,13987800.0,349243456.0
Dividends,6371,0.007446201852142519,0.0,0.0,0.15654090100057946,0.0,0.0,0.0,0.0,8.197239
Stock Splits,6371,0.001098728614032334,0.0,0.0,0.05164835348329703,0.0,0.0,0.0,0.0,3.0
