,count,mean,median,mode,std,min,25%,75%,IQR,max
Open,1070,9.633907508300497,9.986528668123475,4.659999847412109,2.825006921043275,3.619999885559082,7.599456579650401,11.75638093672783,4.156924357077429,16.055797468179378
High,1070,9.856321276330142,10.315605609741343,4.699999809265137,2.8859079002429437,3.7200000286102295,7.7819313134694745,12.076790213848245,4.29485890037877,16.361788510173422
Low,1070,9.401585231161347,9.748160781031274,4.53000020980835,2.7646988789573554,3.5399999618530273,7.426156816911019,11.5395801523673,4.1134233354562815,15.568800849261153
Close,1070,9.62353541940172,9.973197937011719,4.659999847412109,2.828118060148589,3.5799999237060547,7.582514762878418,11.771020889282227,4.188506126403809,15.861862182617188
Volume,1070,5761219.36542056,4292644.0,3419242.0,5096488.761214981,282595.0,2549287.5,7189250.0,4639962.5,62444400.0
Dividends,1070,0.0011711224299065421,0.0,0.0,0.017182780984411197,0.0,0.0,0.0,0.0,0.319217
Stock Splits,1070,0.003738317757009346,0.0,0.0,0.1222835681031486,0.0,0.0,0.0,0.0,4.0
