,count,mean,median,mode,std,min,25%,75%,IQR,max
Open,1783,17.045693621407487,16.669442625492373,17.513391063671733,3.1926337868681007,10.14230970637666,14.83567109095896,19.355956345009304,4.520285254050343,25.1397613291738
High,1783,17.32296447500364,16.940862639366678,14.237062376040962,3.1987886273969206,10.471403051450519,15.095158259148807,19.675461289564154,4.580303030415347,25.563622561224104
Low,1783,16.74812439093294,16.404913897624017,16.815753379454147,3.189080618076931,9.493976767479582,14.555815925483463,19.064944659829116,4.509128734345653,24.471000911598093
Close,1783,17.035812382743522,16.668787002563477,17.3743953704834,3.2019588005853015,9.874885559082031,14.799468040466309,19.323039054870605,4.523571014404297,24.960796356201172
Volume,1783,8603429.276500281,7500200.0,3235700.0,6042587.758183485,615800.0,5090600.0,10521800.0,5431200.0,81588600.0
Dividends,1783,0.0061058670779584965,0.0,0.0,0.07609492994925326,0.0,0.0,0.0,0.0,2.2064
Stock Splits,1783,0.0,0.0,0.0,0.0,0.0,0.0,0.0,0.0,0.0
