,count,mean,median,mode,std,min,25%,75%,IQR,max
Open,940,12.005944612768891,14.970222804635284,1.940000057220459,6.9187926226611305,1.090000033378601,2.809999942779541,16.970023939653846,14.160023996874305,25.75152610846801
High,940,12.259738392786227,15.162530422286373,1.909999966621399,7.053451713189458,1.1200000047683716,2.930000066757202,17.31390423445583,14.383904167698628,25.965579215573385
Low,940,11.687656439502444,14.515851548477343,1.7699999809265137,6.750994093701371,1.0700000524520874,2.700000047683716,16.575701397384684,13.875701349700968,24.439287185668945
Close,940,11.954105932281372,14.894335746765137,1.9299999475479126,6.900791165046855,1.0700000524520874,2.8049999475479126,16.9686861038208,14.163686156272888,25.25827407836914
Volume,940,1056945.720212766,373350.0,40826.0,1489489.2859552412,8024.0,153049.75,1472500.0,1319450.25,14723600.0
Dividends,940,0.0008694914893617021,0.0,0.0,0.013851753983158169,0.0,0.0,0.0,0.0,0.276014
Stock Splits,940,0.0,0.0,0.0,0.0,0.0,0.0,0.0,0.0,0.0
